Player,Year,Serve Rating,% 1st Serve,% 1st Serve Points Won,% 2st Serve Points Won,% Service Games Won,Avg. Aces/ Match,Avg. Double Faults/Match
Alexander Zverev,2024,300.3,71.2,76.8,54.8,90.2,9.5,2.2
Giovanni Mpetshi Perricard,2024,299.5,64.7,79.7,52.8,88.8,19.0,5.5
Matteo Berrettini,2024,296.2,68.2,77.6,52.7,89.8,9.4,1.5
Hubert Hurkacz,2024,295.8,63.2,77.7,54.5,88.7,13.4,1.7
Jannik Sinner,2024,295.6,61.4,79.4,57.9,91.4,7.4,1.9
Ben Shelton,2024,294.0,68.7,76.0,54.1,89.1,9.5,3.4
Taylor Fritz,2024,293.0,62.3,78.4,55.2,88.3,10.5,1.7
Brandon Nakashima,2024,291.3,66.0,74.4,55.7,87.7,8.6,1.1
Grigor Dimitrov,2024,285.0,61.1,79.9,52.2,87.2,8.3,3.7
Novak Djokovic,2024,284.4,63.7,75.4,55.1,85.7,7.1,2.6
Andrey Rublev,2024,284.4,61.7,76.6,53.6,86.7,8.4,2.6
Carlos Alcaraz,2024,283.8,65.3,73.0,57.4,85.5,4.7,2.1
Ugo Humbert,2024,282.8,63.7,73.0,55.4,85.7,7.0,2.0
Lorenzo Sonego,2024,281.1,67.4,73.6,51.6,83.9,6.5,1.9
Alexei Popyrin,2024,280.8,63.9,75.0,50.5,84.4,10.2,3.2
Casper Ruud,2024,279.9,65.4,72.9,53.9,83.9,5.9,2.1
Stefanos Tsitsipas,2024,279.9,60.6,74.6,54.5,86.3,6.9,3.0
Karen Khachanov,2024,279.6,64.3,74.3,52.3,82.9,7.5,1.7
Jiri Lehecka,2024,279.5,61.1,76.1,52.1,84.7,8.1,2.6
Tallon Griekspoor,2024,279.4,63.2,74.4,52.7,83.8,9.0,3.7
Arthur Rinderknech,2024,279.4,62.5,76.4,49.3,82.9,11.0,2.7
Holger Rune,2024,277.9,60.2,74.0,55.2,84.7,6.7,2.9
Jack Draper,2024,276.8,58.7,78.2,50.5,84.2,8.5,3.3
Frances Tiafoe,2024,276.6,58.3,75.1,53.1,84.1,8.5,2.5
Nicolas Jarry,2024,276.5,63.4,74.5,49.9,82.2,8.9,2.4
Zhizhen Zhang,2024,276.4,62.9,73.2,51.9,82.6,7.8,2.0
Alejandro Tabilo,2024,276.2,64.0,74.8,49.1,83.5,7.3,2.5
Jan-Lennard Struff,2024,276.0,58.0,77.2,51.0,84.2,10.0,4.4
Felix Auger-Aliassime,2024,275.7,62.3,74.8,51.0,83.7,8.2,4.3
Sebastian Korda,2024,275.4,60.3,74.4,52.5,82.3,7.6,1.7
Tomas Martin Etcheverry,2024,274.5,65.2,72.4,49.9,81.9,6.8,1.7
Cameron Norrie,2024,273.6,64.3,72.6,51.6,82.0,5.4,2.3
Denis Shapovalov,2024,273.5,59.5,77.4,49.7,85.3,7.9,6.3
Tommy Paul,2024,273.3,61.0,71.6,54.9,81.9,5.7,1.8
Aleksandar Kovacevic,2024,273.2,59.1,75.9,49.0,82.5,10.3,3.6
Gael Monfils,2024,272.5,60.1,74.3,51.3,82.0,9.0,4.2
Jordan Thompson,2024,272.1,60.0,72.5,53.3,80.8,6.7,1.2
Arthur Fils,2024,270.5,60.9,75.1,49.6,82.0,6.3,3.4
Lorenzo Musetti,2024,270.4,64.9,70.6,53.2,79.7,3.8,1.8
Alex Michelsen,2024,270.1,67.8,69.5,51.0,79.5,4.7,2.4
Borna Coric,2024,270.0,61.3,72.1,51.5,80.7,6.7,2.3
Aleksandar Vukic,2024,269.7,59.4,73.7,50.0,79.4,9.0,1.8
Marcos Giron,2024,269.5,60.3,73.1,51.2,81.2,5.1,1.4
Christopher O'Connell,2024,268.9,59.1,73.7,49.4,81.2,7.5,2.0
Alejandro Davidovich Fokina,2024,268.6,67.3,68.0,52.1,78.6,5.2,2.6
Dusan Lajovic,2024,268.4,70.3,67.8,50.2,78.7,2.5,1.1
Yannick Hanfmann,2024,267.8,67.2,68.0,51.8,77.9,4.8,1.9
Roberto Bautista Agut,2024,267.7,68.0,67.6,52.9,78.8,2.5,2.1
Jakub Mensik,2024,267.5,59.0,74.5,46.9,80.5,10.7,4.1
Juncheng Shang,2024,267.5,61.6,70.7,53.2,79.9,4.6,2.5
Hubert Hurkacz,2023,295.2,63.9,79.6,50.4,88.0,15.3,2.0
Matteo Berrettini,2023,292.4,65.0,79.2,51.0,89.5,9.4,1.7
Novak Djokovic,2023,291.8,64.0,77.1,57.3,89.1,7.2,2.9
Stefanos Tsitsipas,2023,291.3,63.9,78.2,55.1,88.6,7.7,2.2
Nicolas Jarry,2023,290.6,65.1,76.8,53.9,87.8,9.1,2.1
Christopher Eubanks,2023,289.7,68.8,73.9,52.4,85.6,12.1,3.1
Quentin Halys,2023,288.5,59.2,79.9,51.7,88.1,13.5,3.9
Thanasi Kokkinakis,2023,287.6,63.8,76.2,51.4,87.1,11.7,2.6
Taylor Fritz,2023,286.4,59.3,78.6,54.7,86.7,9.4,2.3
Alexander Zverev,2023,283.0,70.5,73.9,49.2,84.4,7.9,2.9
Jannik Sinner,2023,282.9,59.7,75.8,55.9,87.1,6.2,1.8
Tallon Griekspoor,2023,282.8,63.2,76.5,51.5,86.2,8.8,3.4
Giovanni Mpetshi Perricard,2023,281.9,63.2,76.2,50.3,84.0,13.6,5.4
Ben Shelton,2023,281.9,63.9,76.0,51.5,84.5,10.5,4.5
Carlos Alcaraz,2023,281.3,65.8,72.1,56.2,85.2,4.2,2.2
Sebastian Korda,2023,281.2,62.3,74.3,53.8,84.1,9.1,2.4
Frances Tiafoe,2023,281.2,59.7,76.6,53.2,85.7,8.2,2.2
Jordan Thompson,2023,280.4,59.5,74.5,55.5,83.8,8.3,1.2
Karen Khachanov,2023,279.8,63.5,74.0,53.2,84.0,7.0,1.9
Alexei Popyrin,2023,279.8,61.6,76.5,49.7,84.4,10.6,3.0
Brandon Nakashima,2023,279.0,65.1,74.8,50.8,83.5,6.9,2.1
Andrey Rublev,2023,277.7,61.5,75.3,51.2,84.0,7.7,2.0
Lorenzo Sonego,2023,277.2,65.9,72.7,52.4,82.7,5.5,2.0
Grigor Dimitrov,2023,276.6,61.1,76.6,51.0,83.9,7.4,3.4
Alex Michelsen,2023,276.4,67.9,69.7,54.3,81.3,5.2,2.0
Jack Draper,2023,276.1,59.8,75.9,50.3,84.8,7.9,2.6
Felix Auger-Aliassime,2023,276.0,60.2,78.1,49.1,84.4,9.0,4.8
Daniil Medvedev,2023,275.9,64.1,75.4,48.9,84.5,7.1,4.1
Stan Wawrinka,2023,275.6,56.2,76.2,53.8,83.4,7.9,1.9
Arthur Rinderknech,2023,275.1,62.2,75.9,48.4,82.8,8.9,3.1
Tomas Martin Etcheverry,2023,274.0,63.8,71.4,52.8,81.4,6.3,1.7
Casper Ruud,2023,274.0,63.3,71.4,53.7,83.1,5.3,2.8
Jan-Lennard Struff,2023,273.3,58.9,75.1,50.4,82.8,9.7,3.6
Tommy Paul,2023,273.2,62.3,72.2,52.9,81.5,6.6,2.3
Roberto Bautista Agut,2023,272.8,66.2,69.3,55.1,80.1,3.9,1.8
Roman Safiullin,2023,272.5,63.6,73.2,51.8,81.5,5.9,3.5
Zhizhen Zhang,2023,272.2,63.8,72.2,51.2,80.5,6.7,2.2
Marcos Giron,2023,272.0,62.2,73.1,51.6,81.1,5.4,1.4
Jiri Lehecka,2023,271.8,64.7,71.8,51.5,80.8,5.3,2.3
Holger Rune,2023,271.7,61.9,72.4,52.9,83.0,5.5,4.0
Benjamin Bonzi,2023,271.1,61.6,72.5,51.4,80.7,7.3,2.4
Ugo Humbert,2023,270.9,60.3,74.2,51.0,81.4,6.7,2.7
Yannick Hanfmann,2023,270.7,67.4,67.5,53.7,78.7,5.0,1.6
Cameron Norrie,2023,270.6,64.6,70.3,52.9,80.2,4.9,2.3
Dominic Thiem,2023,270.4,60.9,72.0,52.9,82.1,5.4,2.9
Gregoire Barrere,2023,270.3,61.0,70.6,54.8,81.5,4.6,2.2
Christopher O'Connell,2023,269.9,62.2,73.2,49.2,80.3,6.9,1.9
Laslo Djere,2023,269.8,60.9,71.9,52.3,81.4,6.1,2.8
Arthur Fils,2023,269.6,61.1,74.0,49.6,81.8,6.3,3.2
Alexander Bublik,2023,269.5,59.3,78.9,45.7,81.9,11.3,7.6
John Isner,2022,314.0,68.4,80.7,53.5,91.7,22.4,2.7
Nick Kyrgios,2022,308.1,68.0,78.8,55.9,92.9,15.9,3.4
Reilly Opelka,2022,307.1,65.2,79.5,57.8,90.8,15.9,2.1
Hubert Hurkacz,2022,299.1,63.4,78.2,55.3,90.5,13.3,1.6
Matteo Berrettini,2022,292.0,64.0,78.3,51.6,87.8,12.4,2.1
Novak Djokovic,2022,290.7,65.6,77.2,56.2,87.7,5.9,1.9
Maxime Cressy,2022,289.3,61.6,78.3,54.4,88.8,14.5,8.3
Ben Shelton,2022,286.6,58.6,79.0,54.3,89.5,10.0,4.8
Stefanos Tsitsipas,2022,286.6,63.1,76.5,55.2,86.3,7.6,2.1
Felix Auger-Aliassime,2022,286.1,64.7,77.1,50.4,86.3,11.0,3.4
Casper Ruud,2022,284.1,65.3,74.8,54.9,85.3,5.9,2.1
Taylor Fritz,2022,283.1,61.9,76.2,52.6,84.2,10.4,2.2
Daniil Medvedev,2022,283.1,64.0,76.5,51.0,86.4,9.2,4.0
Brandon Nakashima,2022,283.0,64.5,74.9,53.4,84.4,7.4,1.6
Marin Cilic,2022,282.5,58.8,78.4,51.5,85.7,11.5,3.4
Arthur Rinderknech,2022,281.2,65.7,74.9,48.7,84.1,9.6,1.8
Thiago Monteiro,2022,281.0,66.2,72.7,54.5,82.5,6.5,1.4
Alexander Zverev,2022,280.5,70.2,74.6,47.9,84.1,7.4,3.7
Andrey Rublev,2022,280.1,61.7,76.5,51.3,84.8,7.9,2.1
Denis Shapovalov,2022,279.2,61.7,76.6,52.8,85.1,8.7,5.7
Nuno Borges,2022,279.1,64.5,70.4,57.4,84.4,5.2,2.8
Carlos Alcaraz,2022,278.7,65.7,71.9,55.4,84.4,3.9,2.6
Pablo Carreno Busta,2022,278.5,66.5,70.5,56.5,82.8,4.0,1.8
Rafael Nadal,2022,277.9,64.9,73.0,55.0,83.7,4.9,3.6
Steve Johnson,2022,276.2,56.7,77.1,52.6,83.9,9.7,3.8
Lorenzo Sonego,2022,275.7,68.4,71.6,50.3,81.2,6.0,1.8
Karen Khachanov,2022,275.4,64.0,73.1,51.1,82.0,7.8,2.6
Jack Draper,2022,275.1,58.8,75.6,50.9,84.7,8.2,3.1
Gael Monfils,2022,274.7,60.3,75.1,51.9,83.5,7.4,3.5
Roberto Bautista Agut,2022,274.6,66.1,71.5,53.6,82.3,2.8,1.7
Grigor Dimitrov,2022,274.3,62.9,75.0,51.3,82.4,5.6,2.9
Benjamin Bonzi,2022,273.6,60.1,73.9,53.0,83.1,6.0,2.5
Holger Rune,2022,273.3,64.0,72.2,53.1,83.1,4.4,3.5
Jannik Sinner,2022,272.4,58.1,74.5,53.2,83.2,6.3,2.9
Zizou Bergs,2022,271.9,64.7,70.4,50.6,82.9,5.0,1.7
Cameron Norrie,2022,271.2,65.3,71.4,51.0,80.9,4.6,2.0
Matteo Arnaldi,2022,270.8,66.9,71.2,49.5,80.4,5.8,3.0
Frances Tiafoe,2022,270.3,57.3,73.7,51.8,81.5,8.4,2.4
Tallon Griekspoor,2022,270.0,62.2,72.3,51.0,80.5,7.1,3.1
Alexander Bublik,2022,268.7,59.3,78.4,43.5,81.1,13.0,6.6
Miomir Kecmanovic,2022,268.7,62.9,69.2,55.1,79.3,3.7,1.5
Adrian Mannarino,2022,268.2,60.3,70.8,54.4,79.5,5.4,2.2
Lorenzo Musetti,2022,267.6,64.8,69.4,53.5,78.5,3.5,2.1
Tomas Machac,2022,267.6,63.1,66.4,55.5,79.2,5.7,2.3
Sebastian Korda,2022,267.1,62.9,70.4,50.4,79.9,5.9,2.4
Andy Murray,2022,266.8,59.9,74.2,49.4,79.4,6.6,2.7
Laslo Djere,2022,266.4,61.2,72.7,49.1,81.0,6.2,3.8
Oscar Otte,2022,266.4,56.6,76.3,48.8,80.5,8.3,4.1
Alexei Popyrin,2022,265.8,61.0,73.0,47.0,79.9,8.9,4.0
Daniel Evans,2022,265.6,62.0,71.7,51.4,78.6,4.3,2.4
John Isner,2021,314.8,68.7,79.3,56.0,92.2,20.6,2.0
Reilly Opelka,2021,300.6,65.7,77.1,54.8,88.3,17.1,2.4
Matteo Berrettini,2021,295.9,64.3,79.1,52.8,89.8,11.5,1.6
Alexander Zverev,2021,290.0,67.8,77.3,52.1,86.2,10.4,3.8
Stefanos Tsitsipas,2021,288.5,62.8,76.1,57.1,87.8,6.8,2.1
Novak Djokovic,2021,288.1,64.9,76.5,54.2,87.0,8.1,2.6
Hubert Hurkacz,2021,286.2,63.4,75.3,53.6,85.7,9.9,1.7
Daniil Medvedev,2021,285.8,61.8,78.4,52.7,86.9,9.3,3.3
Lloyd Harris,2021,284.7,66.4,76.3,49.0,83.9,11.4,2.3
Casper Ruud,2021,282.4,63.8,73.6,56.7,85.3,4.9,1.9
Ugo Humbert,2021,280.3,63.2,75.3,52.1,83.9,8.9,3.1
Andrey Rublev,2021,279.7,60.4,76.8,51.5,85.4,7.5,1.9
Brandon Nakashima,2021,279.1,59.2,76.4,54.2,84.1,7.4,2.2
Felix Auger-Aliassime,2021,278.1,62.9,76.7,50.3,83.3,9.1,4.2
Arthur Rinderknech,2021,277.8,63.9,75.6,47.7,83.0,10.0,2.4
Pablo Carreno Busta,2021,277.2,68.7,70.6,53.9,81.6,3.9,1.5
Ilya Ivashka,2021,276.7,61.1,73.6,54.3,83.0,7.1,2.4
Lorenzo Sonego,2021,276.7,66.2,72.1,51.4,82.7,6.2,1.9
Tallon Griekspoor,2021,276.3,66.6,70.8,51.9,81.4,9.5,3.9
Alexei Popyrin,2021,274.9,59.2,74.7,52.4,82.9,9.5,3.8
Karen Khachanov,2021,274.1,62.8,72.3,52.5,81.5,7.4,2.4
Taylor Fritz,2021,274.0,58.9,75.1,51.5,82.1,9.5,3.1
Nuno Borges,2021,273.4,67.9,67.4,54.1,81.5,3.0,0.5
Tomas Machac,2021,273.1,65.1,68.1,52.5,81.8,7.3,1.7
Denis Shapovalov,2021,273.0,59.6,76.7,50.2,84.5,7.9,5.9
Frances Tiafoe,2021,271.3,60.6,71.7,52.8,81.6,7.1,2.5
Grigor Dimitrov,2021,271.1,64.4,73.5,50.8,80.9,5.0,3.5
Sebastian Korda,2021,270.8,65.0,71.5,50.5,80.9,5.4,2.5
Marin Cilic,2021,270.1,58.1,77.1,47.6,80.3,11.0,4.0
Cameron Norrie,2021,270.1,65.8,71.3,49.8,81.1,4.8,2.7
Mackenzie McDonald,2021,269.9,64.7,69.8,52.2,79.3,6.3,2.4
Jannik Sinner,2021,268.4,59.6,71.0,54.2,80.8,4.8,2.0
Alexander Bublik,2021,268.3,57.3,77.0,45.9,81.2,13.6,6.7
Roberto Bautista Agut,2021,267.7,66.2,69.3,52.3,78.3,3.3,1.7
James Duckworth,2021,267.6,57.1,72.9,52.1,80.0,7.4,1.9
Tomas Martin Etcheverry,2021,267.6,72.0,67.9,47.6,77.8,3.3,1.0
Aslan Karatsev,2021,266.0,59.6,72.1,53.0,80.3,4.7,3.7
Gael Monfils,2021,266.0,60.9,73.9,47.1,79.7,9.4,5.0
Daniel Evans,2021,264.3,62.2,69.8,52.3,78.7,3.9,2.6
Sebastian Baez,2021,263.9,78.4,64.6,49.2,71.7,0.6,0.6
Marco Cecchinato,2021,263.8,67.1,68.3,50.3,76.4,4.3,2.6
Aljaz Bedene,2021,263.0,54.2,75.4,49.3,79.5,8.2,3.6
Filip Krajinovic,2021,263.0,62.4,69.4,50.8,77.8,4.9,2.3
Marcos Giron,2021,262.7,59.7,72.2,48.9,78.6,5.5,2.2
Gianluca Mager,2021,262.3,59.0,71.6,50.1,78.4,6.3,3.1
Jordan Thompson,2021,262.0,58.1,72.2,49.9,76.4,7.4,2.0
Carlos Alcaraz,2021,261.6,62.8,68.1,53.6,76.2,3.1,2.2
Tommy Paul,2021,261.5,60.5,69.8,51.7,77.8,4.1,2.4
Marton Fucsovics,2021,261.2,59.2,70.9,52.0,78.6,4.4,3.9
Dusan Lajovic,2021,260.9,67.7,65.5,51.5,74.8,3.4,2.0
Milos Raonic,2020,309.2,63.6,82.9,55.7,93.9,16.5,3.4
Matteo Berrettini,2020,297.9,61.5,80.6,57.1,90.9,10.1,2.3
Stefanos Tsitsipas,2020,292.2,65.0,76.3,57.2,88.4,7.4,2.1
Rafael Nadal,2020,286.6,64.0,74.7,57.8,87.4,4.6,1.9
Daniil Medvedev,2020,285.7,60.8,77.9,54.2,86.1,9.3,2.6
Andrey Rublev,2020,285.2,59.6,79.0,53.9,86.1,8.1,1.5
Brandon Nakashima,2020,283.3,60.7,72.1,59.0,87.1,6.8,2.4
Taylor Fritz,2020,282.6,60.7,78.0,50.4,83.7,11.9,2.1
Novak Djokovic,2020,281.6,64.3,75.4,52.9,86.0,6.0,3.0
Casper Ruud,2020,279.1,67.1,70.7,54.9,84.1,4.1,1.8
Alexander Zverev,2020,278.2,68.3,77.0,45.0,82.7,10.8,5.6
Dominic Thiem,2020,277.7,63.4,74.3,51.4,84.4,7.2,3.0
Ugo Humbert,2020,276.9,62.0,75.1,51.9,83.9,6.8,2.8
Zizou Bergs,2020,276.7,66.7,67.2,55.2,82.1,7.5,2.0
Alejandro Tabilo,2020,276.3,65.4,69.8,56.3,82.0,5.3,2.5
Felix Auger-Aliassime,2020,275.5,63.7,74.8,50.1,82.5,8.6,4.2
Karen Khachanov,2020,272.0,64.1,72.3,50.9,80.6,6.7,2.6
Pablo Carreno Busta,2020,271.6,67.7,69.7,51.4,79.5,4.9,1.6
Denis Shapovalov,2020,270.9,60.4,75.3,49.3,82.2,9.6,5.9
Lorenzo Sonego,2020,270.5,64.2,72.6,49.4,81.4,4.9,2.0
Gael Monfils,2020,270.0,67.9,71.5,47.0,81.0,6.5,3.9
Alexei Popyrin,2020,269.8,62.8,72.3,50.9,80.6,8.1,4.9
Jordan Thompson,2020,266.8,63.5,70.9,49.9,78.9,5.4,1.8
Sebastian Korda,2020,264.7,70.5,64.4,52.8,74.0,5.5,2.5
Hubert Hurkacz,2020,264.1,59.9,73.8,46.3,79.2,8.7,3.8
Jannik Sinner,2020,264.0,61.7,71.0,49.9,80.5,3.4,2.5
Tommy Paul,2020,261.3,59.3,69.3,52.5,77.2,5.1,2.1
Frances Tiafoe,2020,261.3,62.6,69.4,49.6,77.2,4.6,2.1
Grigor Dimitrov,2020,261.2,62.2,70.3,49.6,79.2,4.5,4.6
Daniel Evans,2020,261.2,60.1,69.9,51.5,78.0,3.9,2.2
Marcos Giron,2020,259.1,62.6,68.9,49.0,74.5,5.4,1.3
Alex de Minaur,2020,258.5,61.5,69.7,49.4,77.1,3.5,2.7
Lorenzo Musetti,2020,257.1,64.1,68.0,46.6,77.6,2.4,1.6
Adrian Mannarino,2020,257.1,57.9,70.8,49.9,76.3,5.1,2.9
Miomir Kecmanovic,2020,255.9,59.1,69.8,49.3,75.2,4.8,2.3
Cristian Garin,2020,254.6,61.4,70.1,47.8,74.9,4.7,4.3
Pedro Martinez,2020,250.7,67.7,65.5,45.0,74.3,2.1,3.9
Diego Schwartzman,2020,248.9,63.0,64.8,50.5,72.1,1.4,2.9
Alejandro Davidovich Fokina,2020,246.8,66.1,63.6,48.5,69.9,1.7,3.0
Tomas Machac,2020,246.4,67.2,58.8,51.6,70.8,2.0,4.0
Carlos Alcaraz,2020,241.4,65.0,66.4,42.7,68.8,3.0,4.5
Tallon Griekspoor,2020,232.4,64.7,68.9,34.7,63.6,3.5,3.0
Francisco Cerundolo,2020,221.1,59.3,53.7,48.6,61.5,0.0,2.0
John Isner,2019,324.1,71.6,81.1,57.3,94.0,21.8,1.7
Milos Raonic,2019,313.0,62.8,83.9,57.4,92.9,19.7,3.7
Reilly Opelka,2019,308.1,64.1,80.7,54.4,91.0,21.1,3.2
Roger Federer,2019,299.3,64.7,78.1,59.4,91.2,7.5,1.6
Nick Kyrgios,2019,296.8,66.0,79.0,50.4,88.0,16.7,3.3
Rafael Nadal,2019,292.8,64.7,75.9,59.5,90.1,4.6,2.0
Sam Querrey,2019,289.7,61.9,80.7,47.7,86.6,16.8,4.0
Novak Djokovic,2019,289.5,65.9,75.9,57.0,87.6,5.7,2.6
Matteo Berrettini,2019,287.2,61.3,78.2,53.8,87.2,8.9,2.2
Jo-Wilfried Tsonga,2019,287.2,60.4,80.2,51.6,86.3,11.0,2.3
Stan Wawrinka,2019,285.3,59.1,76.4,55.4,86.4,9.8,1.8
Stefanos Tsitsipas,2019,283.6,63.8,76.3,53.1,85.5,7.1,2.2
Roberto Bautista Agut,2019,281.3,65.9,72.8,56.0,84.4,3.9,1.7
Dominic Thiem,2019,280.6,65.8,73.1,55.2,83.8,4.8,2.1
Jan-Lennard Struff,2019,279.7,55.6,79.0,51.9,85.0,11.0,2.8
Daniil Medvedev,2019,279.6,59.8,75.6,54.6,84.1,8.7,3.2
Pablo Carreno Busta,2019,278.3,67.8,71.0,52.7,84.1,4.6,1.9
Borna Coric,2019,278.0,62.6,73.8,53.4,83.3,7.4,2.5
Hubert Hurkacz,2019,276.9,64.8,73.2,51.8,82.7,7.3,2.9
Taylor Fritz,2019,276.8,58.5,76.3,51.3,83.9,9.2,2.4
Lorenzo Sonego,2019,276.5,62.6,74.4,51.9,83.0,6.5,1.9
Denis Shapovalov,2019,276.0,59.6,76.2,52.3,84.3,7.7,4.1
Alex de Minaur,2019,275.2,60.7,73.9,55.3,83.8,3.9,2.4
Jordan Thompson,2019,275.2,66.7,71.5,50.6,82.1,6.2,1.9
Jeremy Chardy,2019,274.4,62.4,74.4,49.5,82.9,9.2,4.0
Nicolas Jarry,2019,274.3,62.5,71.5,52.7,81.6,8.8,2.8
Felix Auger-Aliassime,2019,274.2,65.3,74.6,48.7,81.3,9.0,4.7
Tallon Griekspoor,2019,273.3,71.3,69.1,51.3,82.6,1.0,2.0
Karen Khachanov,2019,272.9,62.1,73.0,51.8,81.6,7.6,3.2
Leonardo Mayer,2019,272.5,58.3,74.9,53.3,83.1,7.9,5.0
Grigor Dimitrov,2019,271.9,63.0,74.4,50.0,81.5,7.1,4.1
Gael Monfils,2019,271.9,65.2,71.6,50.5,81.8,6.8,4.0
Miomir Kecmanovic,2019,271.6,61.3,72.2,54.9,81.8,3.6,2.2
Frances Tiafoe,2019,270.6,65.8,70.6,51.1,79.4,5.9,2.2
Ugo Humbert,2019,270.4,59.8,73.8,51.6,81.0,7.6,3.4
Philipp Kohlschreiber,2019,270.4,60.9,70.9,54.5,81.1,4.8,1.8
Lucas Pouille,2019,270.3,58.7,72.9,53.0,82.2,7.2,3.7
Fernando Verdasco,2019,270.3,63.9,71.9,49.5,81.0,7.7,3.7
Marin Cilic,2019,270.1,58.1,77.1,47.9,82.3,9.7,5.0
Alexander Zverev,2019,269.9,66.8,74.7,44.1,79.5,10.7,5.9
Filip Krajinovic,2019,269.8,65.8,69.7,51.8,78.7,5.3,1.5
Alexei Popyrin,2019,269.8,61.0,73.2,50.7,80.6,8.3,4.0
Steve Johnson,2019,269.3,58.7,73.5,52.3,81.4,6.2,2.8
Tommy Paul,2019,269.3,61.0,69.2,57.4,78.3,4.2,0.8
Guido Pella,2019,268.9,66.5,68.3,53.1,78.3,4.9,2.2
Juan Ignacio Londero,2019,268.7,60.5,70.8,54.8,80.8,4.5,2.7
Tennys Sandgren,2019,268.0,60.6,73.6,48.4,79.3,9.0,2.9
Andrey Rublev,2019,267.9,59.0,73.7,51.2,81.0,6.1,3.1
Kyle Edmund,2019,267.7,62.2,71.2,51.6,79.7,5.1,2.1
Casper Ruud,2019,267.3,65.4,70.1,51.8,79.2,3.8,3.0
John Isner,2018,320.9,69.5,80.9,56.8,93.6,22.5,2.4
Milos Raonic,2018,307.3,63.2,83.0,56.8,90.8,17.5,4.0
Nick Kyrgios,2018,303.0,64.9,78.9,54.2,90.0,19.8,4.8
Kevin Anderson,2018,301.1,64.6,79.4,54.3,89.1,16.4,2.7
Roger Federer,2018,299.2,62.0,80.2,58.6,91.1,9.2,1.9
Juan Martin del Potro,2018,290.5,65.4,76.9,53.1,87.6,9.3,1.8
Sam Querrey,2018,288.5,58.0,81.6,50.8,87.5,14.3,3.7
Novak Djokovic,2018,287.3,66.2,74.3,56.6,87.2,5.3,2.3
Karen Khachanov,2018,287.2,64.5,76.4,52.3,86.4,9.9,2.3
Marin Cilic,2018,286.0,59.2,79.0,53.7,87.0,10.2,3.1
Rafael Nadal,2018,284.2,65.8,71.7,59.6,86.4,2.6,1.9
Marius Copil,2018,283.5,57.8,77.4,53.6,85.2,12.8,3.3
Ugo Humbert,2018,279.9,58.4,73.8,55.9,84.6,10.6,3.4
Borna Coric,2018,279.5,64.0,73.3,54.6,83.5,6.0,1.9
Nicolas Jarry,2018,279.1,63.7,73.5,52.4,83.0,9.6,3.1
Matteo Berrettini,2018,278.7,62.1,75.0,52.7,83.3,7.7,2.1
Denis Istomin,2018,278.5,68.7,71.8,51.4,82.4,5.7,1.5
Alexander Zverev,2018,278.5,64.2,74.4,52.4,82.9,7.5,2.9
Kyle Edmund,2018,277.4,59.7,75.1,53.8,84.4,6.9,2.5
Stefanos Tsitsipas,2018,277.3,58.1,75.3,54.4,85.2,6.8,2.5
Dominic Thiem,2018,276.5,58.7,76.1,52.7,85.2,7.3,3.5
Steve Johnson,2018,276.0,57.9,74.7,53.7,85.8,7.1,3.2
Ryan Harrison,2018,275.8,59.9,74.5,52.6,83.3,8.8,3.3
Philipp Kohlschreiber,2018,274.7,61.6,70.9,56.6,82.1,5.3,1.8
Jeremy Chardy,2018,274.4,63.2,75.4,48.8,82.7,8.5,4.2
Feliciano Lopez,2018,274.3,59.9,76.8,47.5,81.4,11.8,3.1
Leonardo Mayer,2018,273.5,61.7,73.7,52.8,82.1,6.5,3.3
Frances Tiafoe,2018,273.5,61.3,72.6,52.9,81.8,7.8,2.9
Pierre-Hugues Herbert,2018,273.0,62.2,73.1,50.6,82.8,8.3,4.0
Stan Wawrinka,2018,273.0,58.6,73.3,53.5,82.6,7.5,2.5
Gael Monfils,2018,271.7,66.2,71.8,49.7,80.6,7.8,4.4
Tennys Sandgren,2018,271.5,61.3,73.8,49.8,80.8,8.3,2.5
Guido Pella,2018,271.2,64.3,70.8,53.0,78.6,6.4,1.9
Jiri Vesely,2018,270.9,66.0,71.5,48.9,81.0,7.7,4.2
Cameron Norrie,2018,270.8,64.7,72.2,49.8,82.8,4.7,3.4
Maximilian Marterer,2018,270.7,61.7,69.8,54.6,80.5,6.2,2.1
Lorenzo Sonego,2018,269.9,62.7,72.7,49.8,79.2,8.4,2.9
Kei Nishikori,2018,269.4,60.3,71.5,54.9,81.4,3.6,2.3
Lucas Pouille,2018,269.4,56.5,75.0,50.0,82.7,9.1,3.9
Jan-Lennard Struff,2018,269.3,56.4,76.7,49.5,80.7,10.3,4.3
Taylor Fritz,2018,268.9,59.8,73.9,49.2,79.8,8.9,2.7
Roberto Bautista Agut,2018,268.8,63.5,71.5,52.5,80.1,3.2,2.0
Grigor Dimitrov,2018,268.7,61.9,74.4,48.3,81.6,7.7,5.2
Tommy Paul,2018,268.3,63.4,70.2,50.8,82.6,4.3,3.0
Marco Cecchinato,2018,268.1,68.5,69.5,49.1,78.2,5.4,2.6
Denis Shapovalov,2018,268.0,56.7,75.7,51.6,82.2,7.6,5.8
Marcos Giron,2018,266.8,64.5,62.5,56.8,80.0,4.0,1.0
Richard Gasquet,2018,266.6,61.9,71.3,51.0,79.0,5.5,2.1
Daniil Medvedev,2018,266.2,57.5,73.8,51.0,81.0,6.8,3.9
Dusan Lajovic,2018,265.9,64.7,68.0,53.0,78.0,3.8,1.6
John Isner,2017,317.6,70.8,79.9,56.5,92.9,19.7,2.2
Ivo Karlovic,2017,312.8,65.1,82.3,56.3,93.3,20.9,5.1
Roger Federer,2017,300.5,62.2,79.8,59.4,91.3,9.6,1.8
Milos Raonic,2017,300.0,64.2,79.3,55.9,90.2,13.8,3.4
Kevin Anderson,2017,299.4,64.6,79.0,54.3,90.4,13.9,2.8
Nick Kyrgios,2017,294.6,63.7,78.9,54.9,88.6,12.1,3.6
Gilles Muller,2017,294.5,62.4,80.1,51.4,89.8,14.7,3.9
Rafael Nadal,2017,294.4,68.0,73.9,61.2,89.2,3.7,1.6
Jo-Wilfried Tsonga,2017,289.7,60.8,80.0,52.9,88.4,9.9,2.3
Marin Cilic,2017,284.2,58.5,79.6,52.8,85.1,11.3,3.1
Sam Querrey,2017,284.0,57.4,80.2,50.9,85.2,13.5,3.2
Grigor Dimitrov,2017,283.9,63.0,77.5,52.1,86.7,8.3,3.7
Tomas Berdych,2017,282.4,58.4,78.5,53.2,86.9,7.8,2.4
Juan Martin del Potro,2017,281.8,64.4,75.7,50.8,84.7,8.5,2.3
Alexander Zverev,2017,281.1,64.0,74.5,53.2,84.8,8.1,3.5
Novak Djokovic,2017,278.0,66.0,72.6,53.4,83.8,4.1,1.9
Stan Wawrinka,2017,277.6,59.8,72.5,56.4,83.9,7.2,2.2
Feliciano Lopez,2017,277.1,59.3,76.9,50.2,82.7,10.9,2.9
Denis Shapovalov,2017,276.9,58.6,75.2,53.9,84.2,9.7,4.7
Horacio Zeballos,2017,275.8,63.8,71.9,54.5,82.0,5.8,2.2
Steve Johnson,2017,274.9,59.6,76.1,50.9,83.8,8.0,3.5
Dusan Lajovic,2017,274.8,69.1,68.1,54.8,80.7,3.5,1.4
Borna Coric,2017,274.1,62.4,71.6,53.4,83.4,5.8,2.5
Philipp Kohlschreiber,2017,273.9,59.5,75.9,52.0,83.3,5.3,2.1
Aljaz Bedene,2017,273.7,59.3,75.1,52.4,81.0,7.9,2.0
Denis Istomin,2017,273.3,65.7,72.3,48.9,79.6,8.4,1.6
Dominic Thiem,2017,272.3,58.8,74.8,52.6,83.1,6.1,3.1
Lucas Pouille,2017,272.0,56.1,75.2,53.1,83.1,8.5,4.0
Tommy Paul,2017,271.7,64.8,70.4,53.9,79.7,5.8,2.9
Mischa Zverev,2017,271.5,65.3,71.5,50.0,81.0,6.4,2.7
Gael Monfils,2017,270.9,62.4,72.3,50.4,80.6,9.2,4.0
Kyle Edmund,2017,270.5,58.3,73.9,52.8,82.8,5.6,2.9
Taylor Fritz,2017,270.5,56.6,73.3,53.3,81.7,8.2,2.6
Richard Gasquet,2017,270.1,62.4,71.8,52.7,82.1,3.1,2.0
Jack Sock,2017,269.2,59.6,72.7,52.7,81.4,6.8,4.0
Roberto Bautista Agut,2017,268.5,63.3,70.2,54.8,79.5,2.9,2.2
Guido Pella,2017,268.0,65.2,69.2,52.0,79.2,4.8,2.4
Jeremy Chardy,2017,267.9,63.3,73.0,49.1,79.0,7.8,4.3
Alexandr Dolgopolov,2017,267.4,56.3,74.4,52.2,80.8,6.5,2.8
Kei Nishikori,2017,267.3,62.1,71.4,52.1,80.7,3.3,2.3
Fernando Verdasco,2017,267.2,68.3,69.9,50.4,78.0,4.0,3.4
Nicolas Mahut,2017,266.9,61.0,71.1,52.0,79.1,6.5,2.8
Jan-Lennard Struff,2017,266.9,53.3,77.8,49.9,81.9,8.3,4.3
David Goffin,2017,266.8,57.6,73.3,52.3,80.6,5.8,2.8
Andy Murray,2017,266.8,59.5,72.1,52.9,79.3,5.8,2.8
Robin Haase,2017,266.6,59.5,73.3,50.8,78.7,7.3,3.0
Karen Khachanov,2017,266.2,57.0,74.1,50.6,80.1,7.9,3.5
Pablo Carreno Busta,2017,266.0,67.5,67.1,52.3,77.3,3.5,1.7
Frances Tiafoe,2017,265.8,58.7,70.9,52.5,78.7,8.1,3.1
Marcos Baghdatis,2017,264.3,53.3,76.3,49.2,81.3,7.7,3.5
John Isner,2016,319.7,69.3,82.2,54.5,93.2,23.2,2.7
Ivo Karlovic,2016,310.4,64.3,82.1,55.6,92.7,20.9,5.2
Milos Raonic,2016,299.4,64.1,80.0,55.3,90.6,12.7,3.3
Nick Kyrgios,2016,297.1,66.4,76.0,55.1,88.7,13.8,2.9
Gilles Muller,2016,293.8,60.6,81.2,52.7,87.8,15.1,3.6
Sam Querrey,2016,285.3,58.5,79.9,51.6,85.3,13.1,3.1
Marin Cilic,2016,284.3,55.3,79.5,54.8,86.9,10.2,2.4
Jo-Wilfried Tsonga,2016,283.8,60.3,78.3,51.6,87.7,9.1,3.2
Kevin Anderson,2016,282.8,59.3,77.1,52.5,85.3,13.0,4.4
Novak Djokovic,2016,282.3,65.0,73.3,56.4,86.2,3.8,2.4
Casper Ruud,2016,282.3,62.7,73.0,63.6,80.0,6.0,3.0
Juan Martin del Potro,2016,282.1,64.6,75.9,53.3,83.9,6.8,2.4
Jiri Vesely,2016,280.9,64.5,72.2,55.5,83.6,8.3,3.2
Gael Monfils,2016,280.0,63.9,74.7,52.7,83.4,8.1,2.8
Stan Wawrinka,2016,280.0,58.3,74.8,56.3,86.0,7.1,2.5
Pablo Cuevas,2016,279.9,61.1,74.7,55.0,84.5,7.6,3.0
Steve Johnson,2016,279.7,61.1,74.5,54.0,84.3,8.4,2.6
Andy Murray,2016,279.1,59.8,76.3,53.9,85.1,6.6,2.6
Feliciano Lopez,2016,278.0,58.2,76.7,51.0,84.3,11.0,3.2
Tomas Berdych,2016,277.1,57.3,78.3,51.2,84.9,8.4,3.0
Bernard Tomic,2016,276.6,65.6,73.0,48.4,82.5,9.4,2.3
Dusan Lajovic,2016,274.9,66.4,70.9,53.9,81.5,4.2,2.0
Dominic Thiem,2016,274.9,61.5,73.6,54.1,82.7,5.9,2.9
Rafael Nadal,2016,274.8,70.4,68.5,54.4,81.0,2.2,1.7
Jack Sock,2016,274.8,58.5,74.8,54.3,84.2,6.7,3.7
Guido Pella,2016,273.6,68.0,68.5,53.7,80.8,5.4,2.8
Grigor Dimitrov,2016,272.4,63.9,72.3,52.4,81.4,5.7,3.3
Kei Nishikori,2016,272.3,60.8,72.1,55.3,83.1,3.3,2.3
Karen Khachanov,2016,271.7,57.2,74.1,52.6,82.5,8.4,3.1
Nicolas Mahut,2016,269.9,61.0,74.3,50.8,81.1,5.3,2.6
Roberto Bautista Agut,2016,269.2,65.4,69.3,53.2,80.1,3.4,2.2
Borna Coric,2016,268.7,62.9,70.2,54.7,76.9,6.1,2.1
Philipp Kohlschreiber,2016,268.3,59.2,73.1,52.2,81.0,5.1,2.3
Nicolas Almagro,2016,268.2,54.3,75.1,51.8,80.9,10.1,4.0
Rajeev Ram,2016,268.1,63.4,71.7,49.9,79.0,7.1,3.0
Fernando Verdasco,2016,268.0,63.6,72.2,49.7,80.1,6.3,3.9
Viktor Troicki,2016,267.9,61.5,72.6,49.1,78.5,8.4,2.2
Richard Gasquet,2016,266.9,62.2,70.6,53.3,79.0,3.7,1.9
Lukas Rosol,2016,266.4,60.1,71.3,51.6,79.8,6.8,3.2
Juan Monaco,2016,266.1,73.8,63.8,53.7,73.9,2.0,1.1
Frances Tiafoe,2016,266.0,64.9,69.0,53.0,76.0,5.7,2.6
Alexander Zverev,2016,266.0,61.6,71.7,50.5,80.4,6.3,4.5
Jordan Thompson,2016,265.9,57.9,74.8,51.1,79.1,5.8,2.8
Jeremy Chardy,2016,265.2,59.4,74.7,48.7,79.3,8.2,5.1
Lucas Pouille,2016,265.2,54.9,74.2,50.8,80.4,8.5,3.6
Aljaz Bedene,2016,264.0,57.6,73.6,49.3,77.3,9.1,2.9
Robin Haase,2016,264.0,59.6,72.5,49.8,77.9,6.6,2.4
Andrey Kuznetsov,2016,263.9,55.6,74.3,51.9,80.0,5.4,3.3
Kyle Edmund,2016,263.7,59.3,72.1,51.2,77.9,6.1,2.9
John Millman,2016,263.6,63.7,66.7,54.5,76.0,4.4,1.7
Ivo Karlovic,2015,323.1,66.6,84.6,57.0,95.5,23.0,3.6
John Isner,2015,317.1,70.3,79.2,57.6,93.3,18.5,1.8
Milos Raonic,2015,309.4,63.6,81.3,57.7,94.0,15.8,3.0
Roger Federer,2015,299.7,63.9,80.1,57.2,91.9,8.3,1.7
Kevin Anderson,2015,297.0,63.4,79.5,53.6,88.6,15.3,3.4
Novak Djokovic,2015,294.3,66.4,74.4,60.2,89.5,5.4,1.6
Jo-Wilfried Tsonga,2015,291.1,62.3,78.8,54.1,88.1,10.6,2.8
Sam Groth,2015,290.7,62.3,78.6,52.2,86.2,16.0,4.6
Gilles Muller,2015,288.7,60.8,79.9,50.6,87.2,13.9,3.7
Sam Querrey,2015,288.1,59.9,78.2,54.0,85.8,13.8,3.6
Nick Kyrgios,2015,287.9,64.1,75.5,52.7,86.9,12.1,3.4
Richard Gasquet,2015,284.0,62.6,76.0,55.3,86.4,5.5,1.8
Marin Cilic,2015,283.4,58.7,78.2,51.9,85.2,12.0,2.6
Vasek Pospisil,2015,282.6,58.4,77.6,53.0,86.1,10.8,3.3
Feliciano Lopez,2015,281.3,57.3,76.5,53.5,84.9,12.7,3.6
Leonardo Mayer,2015,281.2,64.0,74.5,53.6,85.4,6.7,3.0
Steve Johnson,2015,280.7,59.8,75.9,53.7,84.3,9.8,2.8
Bernard Tomic,2015,280.6,66.2,72.8,50.3,83.7,9.1,1.5
Stan Wawrinka,2015,279.9,56.4,76.4,55.6,86.0,8.0,2.5
Gael Monfils,2015,279.7,64.1,73.6,51.7,84.4,8.9,3.0
Simone Bolelli,2015,279.4,66.1,72.1,54.5,84.1,4.2,1.6
Rafael Nadal,2015,279.1,68.0,71.7,55.4,83.3,2.8,2.1
Tomas Berdych,2015,278.6,56.4,77.4,54.5,84.9,7.4,2.0
Fernando Verdasco,2015,277.9,64.6,73.8,52.2,83.7,7.7,4.1
Andy Murray,2015,277.8,61.9,75.2,52.2,84.0,6.7,2.2
Roberto Bautista Agut,2015,277.3,64.9,71.7,55.7,83.1,3.8,1.9
Kei Nishikori,2015,277.3,59.9,74.8,54.7,85.8,4.6,2.5
Philipp Kohlschreiber,2015,277.0,63.0,71.6,56.6,82.0,5.3,1.5
Viktor Troicki,2015,276.4,63.4,74.2,50.0,80.8,10.0,2.0
Grigor Dimitrov,2015,276.0,62.0,75.2,51.7,82.6,7.3,2.8
Dominic Thiem,2015,273.9,57.0,74.7,54.8,83.8,5.9,2.3
Jeremy Chardy,2015,273.3,62.2,74.7,51.3,81.9,7.5,4.3
Jiri Vesely,2015,272.8,64.8,72.1,51.7,80.4,6.8,3.0
Jerzy Janowicz,2015,271.8,65.7,72.5,47.7,81.1,9.3,4.5
Alexandr Dolgopolov,2015,270.2,59.0,74.1,51.8,81.1,7.0,2.8
Denis Istomin,2015,270.0,63.7,72.0,50.8,79.2,5.6,1.3
Sergiy Stakhovsky,2015,269.2,61.9,71.7,50.6,80.9,6.5,2.4
Jack Sock,2015,268.9,56.8,75.2,52.9,83.2,5.9,5.1
David Ferrer,2015,265.5,62.4,70.1,53.7,80.0,2.2,2.9
Nicolas Almagro,2015,265.4,57.2,73.4,50.6,79.6,7.6,3.0
Pablo Cuevas,2015,265.2,60.1,70.3,51.9,79.9,5.8,2.8
Ricardas Berankis,2015,264.5,57.3,72.2,53.0,80.4,5.4,3.8
Marcos Baghdatis,2015,264.3,54.5,74.6,51.1,79.9,7.8,3.6
Adrian Mannarino,2015,264.3,61.4,70.8,52.1,78.1,4.4,2.5
Juan Monaco,2015,263.9,72.7,63.7,52.6,74.2,2.1,1.4
Tommy Robredo,2015,263.7,62.7,70.4,51.4,77.5,3.7,2.0
Pablo Carreno Busta,2015,263.6,60.3,69.4,52.0,78.5,5.3,1.9
Albert Ramos-Vinolas,2015,263.5,63.4,67.9,53.5,77.3,3.6,2.2
Thomaz Bellucci,2015,263.1,58.3,71.6,52.0,78.8,5.9,3.5
Santiago Giraldo,2015,262.7,69.0,67.1,49.5,75.7,2.7,1.3
Ivo Karlovic,2014,313.7,66.8,84.1,54.4,92.7,18.5,2.8
John Isner,2014,313.1,68.2,78.8,57.4,93.1,17.4,1.8
Milos Raonic,2014,301.4,61.4,82.6,54.0,90.0,16.5,3.1
Roger Federer,2014,297.4,63.8,78.6,57.8,90.7,8.0,1.5
Andrey Rublev,2014,294.6,63.4,77.8,57.7,91.7,4.0,0.0
Novak Djokovic,2014,290.5,66.7,75.0,56.4,87.7,6.2,1.5
Sam Querrey,2014,289.7,60.7,79.1,51.6,86.7,14.4,2.8
Bernard Tomic,2014,289.4,67.1,74.6,54.2,85.3,9.3,1.1
Jo-Wilfried Tsonga,2014,289.1,61.8,77.1,54.5,87.3,10.7,2.3
Kevin Anderson,2014,287.1,66.0,75.4,51.0,85.9,11.7,2.9
Rafael Nadal,2014,284.7,70.2,72.2,55.4,85.3,3.1,1.5
Feliciano Lopez,2014,283.8,60.0,77.7,52.9,86.3,10.0,3.1
Grigor Dimitrov,2014,282.8,60.7,77.4,53.6,86.5,7.8,3.2
Richard Gasquet,2014,281.9,65.4,72.8,56.1,83.5,5.8,1.7
Tomas Berdych,2014,281.6,57.6,78.3,53.8,86.3,8.2,2.6
Ernests Gulbis,2014,280.4,60.2,78.0,50.5,84.9,10.5,3.7
Stan Wawrinka,2014,280.4,55.5,78.8,54.3,85.9,8.6,2.7
Tommy Robredo,2014,279.7,64.3,73.7,54.0,84.6,5.1,2.0
Marin Cilic,2014,278.5,56.7,78.9,50.4,84.9,10.4,2.8
Denis Istomin,2014,278.1,68.1,72.0,51.0,81.6,7.0,1.6
Jack Sock,2014,277.7,58.9,76.0,54.1,86.2,6.4,3.9
Philipp Kohlschreiber,2014,277.1,59.4,73.3,56.0,84.3,5.7,1.6
Steve Johnson,2014,276.3,59.1,75.4,51.7,84.4,8.2,2.5
Gael Monfils,2014,275.2,64.7,73.4,50.3,82.3,8.6,4.1
Vasek Pospisil,2014,275.2,59.3,75.3,51.9,83.2,9.3,3.8
Roberto Bautista Agut,2014,273.3,69.0,69.6,52.9,81.1,2.7,2.0
Leonardo Mayer,2014,273.3,60.0,74.9,53.5,82.4,6.6,4.1
Kei Nishikori,2014,272.9,60.4,73.4,53.7,83.9,4.3,2.8
Julien Benneteau,2014,272.8,64.2,72.4,49.9,81.6,7.6,2.9
Jeremy Chardy,2014,272.3,58.9,76.6,50.1,82.2,8.5,4.0
Edouard Roger-Vasselin,2014,271.4,66.6,70.1,51.1,81.6,4.3,2.3
Fernando Verdasco,2014,271.4,65.9,71.7,50.9,81.9,5.7,4.7
Alexandr Dolgopolov,2014,270.4,55.1,75.5,51.9,81.5,8.5,2.1
Ivan Dodig,2014,269.0,58.7,75.4,49.1,80.7,8.5,3.4
Federico Delbonis,2014,268.6,62.2,70.9,53.3,80.7,4.1,2.6
Andy Murray,2014,268.6,59.7,73.9,50.9,80.8,6.0,2.7
Yen-Hsun Lu,2014,267.9,64.0,70.9,52.4,79.8,3.8,3.0
Nicolas Mahut,2014,267.5,60.7,72.6,49.9,80.0,7.7,3.4
Jan-Lennard Struff,2014,266.6,58.5,73.6,50.5,80.1,6.2,2.3
Sergiy Stakhovsky,2014,266.5,63.7,72.9,47.3,79.7,6.3,3.4
Jiri Vesely,2014,265.7,62.7,71.4,51.6,78.4,5.7,4.1
Benjamin Becker,2014,264.6,58.6,73.9,49.4,79.4,6.2,2.9
Radek Stepanek,2014,264.0,59.8,72.3,50.5,79.0,5.8,3.4
Santiago Giraldo,2014,263.4,63.4,69.8,50.0,77.9,3.7,1.4
David Ferrer,2014,262.8,63.0,69.0,52.4,78.7,2.2,2.5
Dmitry Tursunov,2014,262.0,61.1,69.0,50.9,78.5,5.6,3.1
Juan Monaco,2014,261.2,69.9,64.1,53.5,73.4,1.9,1.6
David Goffin,2014,261.1,55.7,73.1,51.2,78.6,6.1,3.6
Jerzy Janowicz,2014,261.1,60.0,73.6,47.1,78.5,8.6,6.7
Jarkko Nieminen,2014,261.1,64.8,70.1,49.0,76.6,3.2,2.6
John Isner,2013,307.0,67.8,78.4,56.2,90.0,16.3,1.7
Milos Raonic,2013,300.5,62.6,81.7,53.2,91.3,14.7,3.0
Novak Djokovic,2013,293.0,65.8,74.9,59.6,88.0,6.3,1.6
Rafael Nadal,2013,288.5,69.4,73.0,56.8,88.1,2.7,1.5
Kevin Anderson,2013,287.6,64.5,75.9,53.7,85.6,10.9,3.0
Jo-Wilfried Tsonga,2013,286.7,63.1,76.0,53.4,88.0,8.3,2.1
Roger Federer,2013,285.7,62.7,76.4,55.3,86.6,6.4,1.7
Juan Martin del Potro,2013,284.7,64.8,74.5,53.9,86.5,7.1,2.1
Daniel Brands,2013,284.6,66.9,73.0,53.8,84.6,8.5,2.2
Bernard Tomic,2013,281.1,67.9,71.6,51.4,83.5,8.0,1.3
Nicolas Almagro,2013,280.3,56.7,77.8,53.8,84.9,9.6,2.5
Sam Querrey,2013,280.1,59.9,79.0,48.2,83.8,12.8,3.6
Tomas Berdych,2013,279.9,58.6,77.7,51.8,86.0,8.1,2.3
Philipp Kohlschreiber,2013,279.1,59.4,74.7,55.6,84.7,6.5,1.8
Marin Cilic,2013,278.8,56.1,76.5,55.9,84.3,8.4,2.4
Andy Murray,2013,278.5,62.3,74.5,52.2,84.5,7.2,2.2
Vasek Pospisil,2013,278.2,54.7,79.3,51.4,85.6,11.2,4.0
Grigor Dimitrov,2013,277.8,61.7,76.1,51.2,83.5,8.1,2.8
Stan Wawrinka,2013,277.6,59.7,73.9,55.0,84.7,6.9,2.6
Feliciano Lopez,2013,277.3,58.5,74.8,53.0,83.5,11.1,3.6
Jerzy Janowicz,2013,275.9,60.8,76.2,50.0,83.5,10.7,5.3
Tommy Haas,2013,275.6,61.1,74.2,53.9,83.6,6.1,3.3
Richard Gasquet,2013,275.1,60.5,73.8,54.2,83.2,6.1,2.7
Denis Istomin,2013,274.0,63.6,72.0,51.8,82.3,6.3,2.0
Ernests Gulbis,2013,273.6,61.0,76.4,48.9,83.1,7.8,3.6
Ivan Dodig,2013,273.4,59.6,74.0,52.0,81.5,9.3,3.0
Gael Monfils,2013,270.9,66.0,71.5,49.1,80.3,7.7,3.7
Igor Sijsling,2013,269.9,57.9,75.3,49.6,80.2,8.9,2.0
Victor Hanescu,2013,269.8,70.3,67.7,50.7,78.6,3.6,1.1
Fernando Verdasco,2013,269.0,61.5,72.6,52.9,81.1,5.9,5.0
Jeremy Chardy,2013,268.7,60.6,74.1,49.5,81.4,8.3,5.2
Janko Tipsarevic,2013,266.6,57.6,72.0,52.2,80.8,6.2,2.2
Robin Haase,2013,266.1,62.0,71.7,48.8,80.4,6.0,2.8
Marcos Baghdatis,2013,265.6,52.9,75.0,52.1,82.3,7.6,4.3
Carlos Berlocq,2013,265.4,67.8,69.3,51.1,76.2,3.3,2.3
David Ferrer,2013,265.3,62.8,70.1,53.0,78.5,3.2,2.3
Tommy Robredo,2013,265.2,60.9,71.3,52.0,78.7,4.5,2.2
Mikhail Youzhny,2013,265.1,62.4,70.4,50.5,79.9,4.4,2.5
Julien Benneteau,2013,264.4,64.0,69.9,50.1,77.2,6.0,2.8
Dmitry Tursunov,2013,264.4,57.2,74.4,49.0,81.0,7.4,4.6
Edouard Roger-Vasselin,2013,264.2,63.7,70.1,50.1,78.9,3.9,2.5
Roberto Bautista Agut,2013,264.1,71.1,64.9,52.2,75.4,2.2,1.7
Yen-Hsun Lu,2013,264.0,62.8,70.2,51.8,78.5,3.9,3.2
Evgeny Donskoy,2013,263.5,57.6,72.8,49.4,80.4,5.8,2.5
Santiago Giraldo,2013,263.1,63.6,68.7,51.0,77.4,4.2,1.8
Florian Mayer,2013,262.9,63.4,68.5,50.6,77.7,4.4,1.7
Jurgen Melzer,2013,262.7,65.6,67.7,50.3,77.4,4.5,2.8
Jarkko Nieminen,2013,262.5,65.9,67.5,50.8,77.2,3.3,2.2
Karen Khachanov,2013,261.9,62.2,69.4,50.4,75.9,6.6,2.6
Juan Monaco,2013,261.3,69.5,64.7,53.3,73.7,2.0,1.9
John Isner,2012,309.3,68.7,77.8,56.6,91.6,16.8,2.2
Milos Raonic,2012,305.0,61.7,82.3,55.5,92.7,16.2,3.4
Roger Federer,2012,298.3,62.9,77.7,59.9,91.0,8.3,1.5
Ivo Karlovic,2012,296.9,64.9,79.1,51.6,87.3,16.9,2.9
Rafael Nadal,2012,289.0,67.4,74.6,57.1,87.8,3.3,1.2
Juan Martin del Potro,2012,287.3,64.7,75.1,54.6,87.5,7.5,2.1
Gilles Muller,2012,286.8,61.2,80.5,49.0,85.8,13.3,3.0
Novak Djokovic,2012,286.7,64.2,74.9,56.4,87.0,5.9,1.7
Kevin Anderson,2012,285.9,63.6,75.4,53.3,85.4,11.4,3.2
Andy Roddick,2012,285.7,66.2,74.8,53.1,84.2,9.2,1.8
Jo-Wilfried Tsonga,2012,283.6,61.9,75.8,53.1,86.1,8.6,1.9
Tomas Berdych,2012,282.5,58.7,77.5,53.3,86.9,8.4,2.3
Nicolas Almagro,2012,281.5,57.1,76.8,55.1,85.8,8.7,2.0
Sam Querrey,2012,280.7,57.6,79.8,50.3,85.3,11.6,3.9
Philipp Kohlschreiber,2012,280.5,60.3,73.8,55.9,84.8,7.6,1.9
David Ferrer,2012,279.9,63.4,73.1,56.7,85.5,3.3,2.1
Feliciano Lopez,2012,279.3,57.1,77.4,52.0,86.0,10.2,3.4
Richard Gasquet,2012,279.0,63.2,72.8,55.6,83.8,5.5,1.9
Mardy Fish,2012,278.1,53.1,77.8,54.9,85.1,9.7,2.5
Andy Murray,2012,277.1,59.9,74.0,54.4,83.9,7.2,2.3
Janko Tipsarevic,2012,276.2,57.8,75.3,54.4,83.2,7.8,2.3
Denis Istomin,2012,274.9,64.5,71.4,52.8,80.7,7.1,1.6
Grigor Dimitrov,2012,273.9,62.2,72.6,52.9,81.8,7.2,2.8
Fernando Verdasco,2012,272.5,68.9,70.3,51.1,81.4,4.6,3.8
Tommy Haas,2012,271.4,60.0,74.5,51.8,82.3,6.2,3.4
Ryan Harrison,2012,269.6,61.8,71.4,52.1,80.5,6.5,2.7
Stan Wawrinka,2012,269.3,55.8,73.0,53.2,82.4,7.6,2.7
Lukas Rosol,2012,269.1,58.9,74.0,50.5,81.6,7.2,3.1
Edouard Roger-Vasselin,2012,268.7,64.3,71.4,50.3,80.4,5.0,2.7
Mikhail Youzhny,2012,268.6,62.2,71.4,52.5,80.2,4.4,2.1
Santiago Giraldo,2012,268.3,66.1,67.3,53.3,79.8,2.7,0.9
Xavier Malisse,2012,268.3,58.2,73.6,51.6,79.9,7.0,2.0
Nicolas Mahut,2012,268.1,61.0,72.2,50.2,79.4,8.0,2.7
Alexandr Dolgopolov,2012,267.7,53.5,75.4,52.2,81.0,7.8,2.2
Julien Benneteau,2012,267.5,65.4,71.0,48.9,79.3,6.8,3.9
Sergiy Stakhovsky,2012,266.2,59.4,71.2,51.9,80.3,6.5,3.1
Jeremy Chardy,2012,265.8,56.3,74.4,50.2,81.6,7.4,4.1
Steve Darcis,2012,265.3,63.9,68.8,52.3,77.3,4.2,1.2
Marin Cilic,2012,264.9,55.1,72.4,53.2,80.6,6.3,2.7
Marcos Baghdatis,2012,264.8,54.8,73.4,52.7,80.6,6.5,3.2
Florian Mayer,2012,264.8,61.0,70.6,52.3,78.1,4.0,1.2
Juan Monaco,2012,264.7,68.4,66.9,52.7,77.0,1.7,2.0
Kei Nishikori,2012,264.5,64.1,68.9,53.2,78.2,2.6,2.5
Bernard Tomic,2012,264.4,66.4,67.2,50.2,77.1,5.0,1.5
Andreas Seppi,2012,263.8,60.9,70.5,51.9,77.8,4.5,1.8
Radek Stepanek,2012,263.5,61.7,69.8,51.5,79.0,4.7,3.2
Thomaz Bellucci,2012,261.8,57.2,70.5,52.3,78.8,5.8,2.8
Yen-Hsun Lu,2012,261.2,60.0,72.2,50.1,77.9,4.7,3.7
Lukas Lacko,2012,260.7,60.4,70.9,49.8,75.4,6.2,2.0
Paul-Henri Mathieu,2012,260.5,53.5,74.7,52.2,79.5,4.9,4.3
John Isner,2011,304.2,69.1,77.0,55.4,90.7,14.7,2.7
Ivo Karlovic,2011,301.8,66.4,80.3,50.2,90.0,17.6,2.7
Milos Raonic,2011,295.5,64.1,78.9,52.9,88.2,13.6,2.2
Roger Federer,2011,294.7,63.7,78.7,57.1,89.6,6.9,1.3
Andy Roddick,2011,294.4,65.2,76.8,55.7,86.6,12.1,2.0
Kevin Anderson,2011,290.4,67.0,75.2,53.7,85.7,10.9,2.1
Juan Martin del Potro,2011,287.6,61.9,76.3,55.4,88.2,7.8,2.0
Jo-Wilfried Tsonga,2011,286.6,61.4,78.0,52.5,86.5,10.8,2.6
Novak Djokovic,2011,284.1,65.3,74.1,55.6,86.4,4.6,1.9
Feliciano Lopez,2011,282.6,57.9,77.6,53.0,85.6,12.2,3.7
Rafael Nadal,2011,280.7,67.7,71.2,56.7,83.3,3.4,1.6
Robin Soderling,2011,280.6,62.5,75.5,52.8,84.5,8.0,2.7
Mardy Fish,2011,278.7,58.6,75.7,54.5,84.2,7.4,1.7
Tomas Berdych,2011,277.4,57.5,77.7,52.8,84.8,6.6,2.0
Ivan Ljubicic,2011,277.1,56.8,77.2,51.6,83.0,10.3,1.8
Janko Tipsarevic,2011,274.7,56.2,75.3,55.4,84.2,6.0,2.4
Richard Gasquet,2011,274.5,63.6,72.3,53.1,82.1,5.6,2.2
Nicolas Almagro,2011,273.1,55.9,76.2,53.4,82.4,7.8,2.6
David Ferrer,2011,272.8,60.8,72.3,55.4,83.4,3.6,2.7
Gael Monfils,2011,272.5,63.5,72.0,51.6,81.2,7.8,3.6
Fernando Verdasco,2011,271.8,68.6,70.5,50.2,80.9,5.5,3.9
Marin Cilic,2011,271.7,54.1,75.9,54.4,82.9,7.0,2.6
Michael Llodra,2011,271.5,62.4,74.3,49.5,81.4,7.2,3.3
Tommy Robredo,2011,269.6,62.5,70.4,55.0,80.3,3.8,2.4
Stan Wawrinka,2011,269.4,60.9,70.9,53.7,80.1,6.2,2.4
Andy Murray,2011,269.0,58.6,74.9,49.8,80.4,7.6,2.3
Xavier Malisse,2011,267.9,58.1,74.4,51.0,79.7,6.3,1.6
Ernests Gulbis,2011,267.7,61.1,74.4,47.0,80.2,9.3,4.3
Philipp Petzschner,2011,267.4,54.6,75.4,51.7,81.5,7.2,3.0
Julien Benneteau,2011,267.1,64.3,71.1,49.4,79.8,5.8,3.3
Potito Starace,2011,266.7,70.7,66.0,51.5,77.4,2.6,1.5
Philipp Kohlschreiber,2011,266.2,58.5,71.6,52.8,80.2,5.9,2.8
Alex Bogomolov Jr.,2011,265.6,70.6,66.9,50.2,78.2,2.5,2.8
Juan Carlos Ferrero,2011,264.5,62.6,65.9,57.3,77.7,2.9,1.9
Victor Hanescu,2011,264.4,66.5,68.9,50.7,76.2,3.9,1.8
Michael Berrer,2011,264.0,64.1,70.6,49.4,77.8,5.0,2.9
Marcos Baghdatis,2011,263.8,51.5,76.1,51.8,79.8,7.5,2.9
Thomaz Bellucci,2011,263.2,61.0,71.7,48.9,78.0,6.3,2.7
Jurgen Melzer,2011,262.7,62.7,68.9,50.9,77.6,5.0,2.4
Radek Stepanek,2011,262.7,61.3,70.6,51.6,78.4,3.6,2.8
Igor Andreev,2011,261.9,60.0,71.1,50.5,78.5,4.8,3.0
Florian Mayer,2011,261.4,60.6,70.3,51.2,77.6,3.7,2.0
Grigor Dimitrov,2011,261.2,60.4,71.3,50.6,77.2,5.4,3.7
Robin Haase,2011,261.1,59.8,69.8,49.9,76.9,7.4,2.7
Alexandr Dolgopolov,2011,261.0,50.5,75.8,50.9,78.6,8.3,3.1
Mikhail Youzhny,2011,260.9,61.2,69.0,52.3,77.5,3.7,2.8
Ivan Dodig,2011,260.8,58.6,71.4,49.3,77.0,7.6,3.1
Santiago Giraldo,2011,260.8,63.4,67.8,50.9,76.3,3.7,1.3
Dmitry Tursunov,2011,260.3,60.6,69.8,50.2,77.2,6.6,4.1
Sergiy Stakhovsky,2011,260.2,62.2,69.7,49.7,75.0,5.5,1.9
Andy Roddick,2010,306.5,68.5,79.2,56.9,91.1,12.3,1.5
John Isner,2010,304.9,69.3,75.7,54.9,89.8,17.5,2.3
Rafael Nadal,2010,294.4,67.1,75.4,59.5,90.1,3.8,1.5
Roger Federer,2010,292.7,61.9,78.2,56.3,89.3,8.4,1.4
Jo-Wilfried Tsonga,2010,285.9,62.4,76.4,53.1,86.0,10.7,2.7
Sam Querrey,2010,284.1,61.0,78.6,49.9,86.2,11.8,3.4
Tomas Berdych,2010,282.8,56.5,79.1,54.8,86.8,8.0,2.4
Thiemo de Bakker,2010,282.3,61.2,75.0,53.4,84.5,9.8,1.6
Robin Soderling,2010,281.8,59.5,78.0,51.7,86.0,9.9,3.3
Mardy Fish,2010,281.5,55.4,79.5,53.1,84.9,10.9,2.3
Kevin Anderson,2010,280.9,66.3,75.4,50.0,82.8,9.6,3.2
Ernests Gulbis,2010,279.7,63.2,76.1,50.4,84.3,8.9,3.2
Michael Llodra,2010,279.6,62.3,75.7,52.1,83.5,9.1,3.1
Nicolas Almagro,2010,279.3,60.1,74.5,54.3,84.3,8.1,2.0
Victor Hanescu,2010,279.1,71.6,70.8,50.5,81.6,6.2,1.6
Ivan Ljubicic,2010,278.7,59.4,76.4,49.2,84.0,11.7,2.0
Juan Carlos Ferrero,2010,278.4,71.7,68.3,56.5,80.8,2.2,1.1
Feliciano Lopez,2010,277.1,57.1,77.0,50.8,85.0,10.5,3.3
Richard Gasquet,2010,276.7,61.3,74.1,54.2,84.0,5.8,2.7
Gael Monfils,2010,275.4,62.8,73.2,51.1,82.7,9.3,3.7
Stan Wawrinka,2010,274.8,57.1,75.1,53.8,84.4,6.9,2.5
Denis Istomin,2010,274.7,66.1,70.5,53.2,79.7,6.7,1.5
Philipp Kohlschreiber,2010,274.5,61.8,74.5,51.3,82.6,6.6,2.3
Jurgen Melzer,2010,274.4,60.9,72.0,54.9,82.7,6.3,2.4
Marin Cilic,2010,274.0,57.5,74.4,53.3,84.1,7.2,2.5
Jarkko Nieminen,2010,274.0,70.3,69.7,50.9,81.2,4.0,2.1
Andy Murray,2010,273.8,54.1,77.3,52.8,83.6,8.4,2.4
Potito Starace,2010,273.3,73.8,66.0,53.0,78.7,2.7,0.9
David Ferrer,2010,272.6,65.0,69.7,55.2,81.4,3.0,1.7
Nikolay Davydenko,2010,271.9,65.5,71.6,51.4,81.8,4.1,2.5
Leonardo Mayer,2010,271.1,61.0,73.6,51.8,81.2,6.8,3.3
Janko Tipsarevic,2010,270.7,57.8,72.7,53.5,81.7,7.0,2.0
Benjamin Becker,2010,270.0,57.6,76.4,50.1,80.7,7.9,2.7
Radek Stepanek,2010,269.5,63.3,70.7,53.3,80.2,5.0,3.0
Viktor Troicki,2010,269.5,60.2,74.4,48.9,79.9,9.0,2.9
Novak Djokovic,2010,269.4,64.1,70.8,52.0,82.2,4.2,3.9
Florian Mayer,2010,269.4,63.4,70.8,52.2,80.4,4.3,1.7
Mikhail Youzhny,2010,268.5,63.1,70.9,52.4,80.5,4.3,2.7
Fernando Verdasco,2010,268.0,67.0,71.1,49.1,80.2,5.4,4.8
Santiago Giraldo,2010,267.5,61.8,69.7,52.8,80.1,4.8,1.7
Tommy Robredo,2010,267.5,64.2,69.6,53.6,77.9,4.3,2.1
Gilles Simon,2010,266.4,55.8,74.9,51.8,80.3,6.1,2.5
Michael Berrer,2010,266.1,63.7,71.6,48.8,79.7,5.2,2.9
Xavier Malisse,2010,265.9,57.3,73.8,50.4,79.4,7.1,2.1
James Blake,2010,265.7,57.7,72.7,52.1,80.8,5.2,2.8
Daniel Gimeno-Traver,2010,265.7,59.1,71.9,52.0,79.9,5.7,2.9
Albert Montanes,2010,265.3,61.8,70.7,51.7,79.6,4.0,2.5
Philipp Petzschner,2010,265.3,55.8,74.5,50.1,79.9,7.5,2.5
Marcos Baghdatis,2010,264.2,51.6,75.8,52.2,80.2,7.3,2.9
Alexandr Dolgopolov,2010,263.6,54.7,72.7,52.3,78.1,8.6,2.8
Ivo Karlovic,2009,316.1,67.1,84.8,53.6,92.2,20.7,2.3
Andy Roddick,2009,308.3,70.1,79.1,57.2,90.8,12.5,1.4
John Isner,2009,299.4,66.8,75.1,56.3,89.2,14.5,2.5
Roger Federer,2009,296.4,62.5,79.4,57.0,90.1,9.3,1.9
Jo-Wilfried Tsonga,2009,294.3,63.5,79.5,54.0,89.3,10.3,2.3
Fernando Gonzalez,2009,286.0,63.3,76.6,52.7,88.0,8.3,2.9
Sam Querrey,2009,285.6,59.6,79.1,52.2,86.1,11.5,2.9
Michael Llodra,2009,283.4,63.7,76.5,51.9,84.8,9.1,2.6
Robin Soderling,2009,283.4,59.8,77.7,54.0,86.0,8.6,2.7
Ivan Ljubicic,2009,283.0,59.3,77.9,50.8,85.2,11.6,1.8
Fernando Verdasco,2009,282.2,69.2,72.3,53.7,84.6,6.1,3.7
Rafael Nadal,2009,281.0,67.7,71.0,57.0,83.7,2.9,1.3
Gael Monfils,2009,279.4,62.3,75.6,50.2,84.4,9.2,2.3
Juan Martin del Potro,2009,279.1,61.6,74.5,53.2,84.2,8.2,2.6
Tommy Haas,2009,278.8,60.3,76.5,52.6,85.2,9.1,4.9
Andy Murray,2009,278.8,58.0,76.3,53.7,85.3,7.7,2.2
Nikolay Davydenko,2009,278.2,67.4,71.3,54.6,83.2,3.9,2.2
Mardy Fish,2009,277.5,56.4,76.5,52.7,83.2,11.0,2.3
Feliciano Lopez,2009,277.5,61.8,74.4,51.8,82.7,9.5,2.7
Philipp Kohlschreiber,2009,277.1,65.9,69.6,56.0,82.3,5.2,1.9
Novak Djokovic,2009,276.5,63.0,72.8,53.7,84.5,5.3,2.8
Nicolas Almagro,2009,275.0,58.7,74.7,51.9,82.0,10.2,2.5
Leonardo Mayer,2009,274.4,59.8,75.1,52.7,82.8,6.6,2.6
Marin Cilic,2009,273.7,56.2,75.1,53.7,83.6,7.8,2.7
Jeremy Chardy,2009,273.0,58.9,75.0,51.8,82.0,8.6,3.3
Victor Hanescu,2009,273.0,69.2,69.4,51.5,80.0,4.6,1.7
Pablo Cuevas,2009,272.4,63.7,72.5,51.5,79.4,7.5,2.2
Tommy Robredo,2009,271.8,63.2,71.5,54.0,81.0,4.2,2.1
Benjamin Becker,2009,271.2,56.8,76.6,50.3,80.7,9.0,2.2
Tomas Berdych,2009,271.0,58.8,74.4,52.6,80.9,6.8,2.5
Marat Safin,2009,270.1,55.6,74.6,51.4,81.3,9.9,2.7
Juan Carlos Ferrero,2009,269.9,67.0,68.0,53.9,78.3,4.3,1.6
Jurgen Melzer,2009,269.8,59.6,74.0,51.0,80.7,6.8,2.3
James Blake,2009,269.1,57.3,74.0,52.1,82.4,6.3,3.0
Simone Bolelli,2009,269.1,63.5,69.2,53.1,80.1,4.6,1.4
Gilles Simon,2009,268.7,54.7,74.4,53.8,81.9,5.9,2.0
Stan Wawrinka,2009,268.1,58.2,72.8,51.8,80.9,7.0,2.6
Radek Stepanek,2009,268.0,61.5,72.8,50.1,80.5,6.3,3.2
Igor Andreev,2009,267.0,61.9,71.1,51.6,80.0,5.2,2.8
Ernests Gulbis,2009,267.0,62.9,72.5,47.5,78.7,9.2,3.8
Mikhail Youzhny,2009,266.7,62.3,70.6,52.3,79.8,3.9,2.2
Richard Gasquet,2009,266.5,58.5,72.8,51.6,79.7,7.2,3.3
Thomaz Bellucci,2009,266.0,61.3,70.8,51.4,78.4,6.7,2.6
Lleyton Hewitt,2009,265.4,53.0,75.6,53.1,80.9,6.5,3.7
Potito Starace,2009,265.4,73.2,66.9,48.9,75.2,2.8,1.6
Andreas Beck,2009,265.2,58.9,72.4,52.0,80.9,5.2,4.2
Janko Tipsarevic,2009,265.0,56.1,73.7,51.5,79.9,6.2,2.4
Julien Benneteau,2009,263.6,66.0,69.6,48.3,77.3,5.6,3.2
Juan Monaco,2009,263.0,69.1,65.6,52.7,75.7,1.9,2.0
Evgeny Korolev,2009,261.5,60.7,72.3,49.0,76.3,5.6,2.4
Ivo Karlovic,2008,306.6,66.2,81.2,52.8,90.4,17.8,1.8
Andy Roddick,2008,306.2,67.6,79.6,55.6,91.2,14.3,2.1
Roger Federer,2008,295.8,64.1,76.9,57.9,89.2,8.7,1.0
John Isner,2008,295.0,66.5,77.1,51.8,88.4,14.7,3.5
Rafael Nadal,2008,291.1,69.5,71.9,60.1,87.8,3.1,1.3
Ivan Ljubicic,2008,289.1,61.5,77.9,51.7,87.0,12.8,1.8
Robin Soderling,2008,289.0,61.2,78.4,54.0,87.8,10.3,2.7
Novak Djokovic,2008,286.9,65.1,73.8,56.7,87.0,6.2,1.9
Jo-Wilfried Tsonga,2008,286.1,64.0,76.7,51.0,86.0,10.6,2.2
Mario Ancic,2008,284.4,62.5,76.1,52.8,86.1,9.2,2.3
Feliciano Lopez,2008,283.4,60.9,75.1,53.3,85.8,11.4,3.1
Michael Llodra,2008,282.7,61.0,75.3,54.9,85.5,9.5,3.5
Radek Stepanek,2008,281.6,63.0,76.5,51.9,86.0,7.4,3.2
Tomas Berdych,2008,280.1,60.2,76.7,53.2,84.2,8.0,2.2
Nicolas Almagro,2008,279.3,59.0,75.2,54.6,84.0,9.0,2.5
Igor Andreev,2008,279.2,64.4,72.6,54.7,83.9,6.1,2.5
Juan Carlos Ferrero,2008,278.6,66.6,71.5,53.9,83.7,4.3,1.4
Fernando Gonzalez,2008,278.6,62.7,73.3,54.5,84.8,6.2,2.9
Richard Gasquet,2008,278.5,59.9,75.8,52.7,84.1,8.4,2.4
Simone Bolelli,2008,277.7,67.1,70.3,54.0,82.8,4.9,1.4
Philipp Kohlschreiber,2008,276.9,63.1,71.8,55.2,83.7,5.3,2.2
Victor Hanescu,2008,275.3,69.7,70.9,51.2,79.5,5.6,1.6
Nikolay Davydenko,2008,274.0,64.3,71.6,54.4,82.0,3.9,2.2
Juan Martin del Potro,2008,273.4,61.5,73.4,53.3,82.7,5.0,2.5
Dmitry Tursunov,2008,273.0,57.7,74.7,52.3,83.6,7.9,3.2
Ernests Gulbis,2008,272.9,60.2,74.5,49.9,82.9,9.6,4.2
Jurgen Melzer,2008,272.8,61.9,71.5,54.1,81.2,6.5,2.4
Janko Tipsarevic,2008,272.8,55.5,76.0,52.3,82.5,9.2,2.7
Carlos Moya,2008,271.6,61.1,70.7,55.4,81.7,5.2,2.5
Eduardo Schwank,2008,271.6,63.6,70.2,53.6,82.2,4.5,2.5
Fernando Verdasco,2008,271.3,72.7,68.8,51.7,78.4,3.8,4.1
Paul-Henri Mathieu,2008,271.0,55.5,74.4,54.8,83.8,5.6,3.1
Nicolas Mahut,2008,270.9,61.9,73.2,50.0,81.0,9.0,4.2
Marin Cilic,2008,270.4,53.8,75.4,52.8,82.6,9.1,3.3
Sam Querrey,2008,270.3,59.1,74.9,48.7,80.6,10.1,3.1
Andy Murray,2008,268.6,57.0,74.6,51.1,81.6,6.5,2.2
Potito Starace,2008,268.4,73.3,64.1,53.9,76.4,2.0,1.3
Gael Monfils,2008,268.2,60.8,73.8,49.6,79.6,7.5,3.1
Mikhail Youzhny,2008,268.2,61.4,71.9,51.4,81.3,4.7,2.5
James Blake,2008,268.1,55.9,74.0,52.7,81.4,6.8,2.7
Bobby Reynolds,2008,267.4,59.1,72.4,49.6,78.3,11.2,3.2
Tommy Robredo,2008,267.2,68.1,68.6,51.0,78.0,3.1,1.6
Mardy Fish,2008,267.1,49.7,77.6,51.4,81.0,10.1,2.7
Tommy Haas,2008,267.0,59.3,72.7,52.3,79.2,7.3,3.8
David Ferrer,2008,266.7,65.8,68.2,53.4,78.3,2.6,1.6
David Nalbandian,2008,266.4,58.0,73.6,52.3,80.4,5.2,3.1
Stan Wawrinka,2008,266.1,60.8,69.9,53.6,78.3,5.8,2.3
Agustin Calleri,2008,265.9,55.3,76.0,49.2,80.7,8.1,3.4
Marat Safin,2008,265.5,55.0,73.8,50.6,80.9,8.5,3.3
Robby Ginepri,2008,265.1,63.7,69.3,50.9,77.9,5.2,1.9
Ivo Karlovic,2007,318.5,68.6,83.6,53.1,94.5,20.6,1.9
Andy Roddick,2007,303.2,65.0,80.4,56.7,90.9,11.7,1.5
Roger Federer,2007,294.3,61.9,77.3,59.0,89.2,8.0,1.1
Ivan Ljubicic,2007,290.3,58.7,79.5,52.6,87.4,14.5,2.4
Rafael Nadal,2007,284.7,68.2,72.5,56.5,86.2,2.8,1.5
Tomas Berdych,2007,281.1,58.6,77.6,53.9,86.0,7.3,2.3
Tommy Haas,2007,281.0,61.0,76.4,53.8,84.8,8.0,3.0
Radek Stepanek,2007,280.6,63.0,74.2,53.9,84.5,7.0,2.0
Feliciano Lopez,2007,279.1,59.6,75.8,52.6,84.6,10.0,3.5
Novak Djokovic,2007,278.1,64.1,72.3,53.9,83.9,6.2,2.3
Nicolas Kiefer,2007,277.5,56.7,79.0,52.1,85.5,6.7,2.5
Frank Dancevic,2007,277.4,60.3,75.1,51.4,80.7,12.4,2.5
Sam Querrey,2007,275.5,56.7,79.2,48.2,82.2,12.4,3.2
Igor Andreev,2007,274.6,67.7,68.5,55.6,80.4,4.1,1.7
Richard Gasquet,2007,274.6,61.7,73.8,53.9,82.0,5.4,2.2
Robin Soderling,2007,274.6,62.2,74.6,50.7,82.6,7.1,2.6
James Blake,2007,274.4,58.0,75.3,53.0,83.7,7.3,2.9
Fernando Gonzalez,2007,273.5,63.3,72.7,51.5,81.9,6.5,2.4
Nicolas Almagro,2007,272.9,60.8,73.7,51.5,81.5,7.8,2.4
Fernando Verdasco,2007,272.6,71.5,69.7,50.6,79.6,4.6,3.4
Gael Monfils,2007,272.1,57.1,75.0,52.0,80.5,11.3,3.8
Thomas Johansson,2007,271.5,57.7,75.4,51.3,81.2,8.3,2.4
Tommy Robredo,2007,271.2,67.6,68.0,54.4,79.2,3.7,1.7
Mardy Fish,2007,271.0,51.7,78.7,50.8,81.0,11.4,2.6
Nicolas Mahut,2007,271.0,57.4,74.9,52.4,83.4,7.8,4.9
Michael Llodra,2007,270.9,63.2,71.7,51.9,80.1,7.4,3.4
Dmitry Tursunov,2007,270.9,56.5,74.8,53.6,81.8,8.2,4.0
Luis Horna,2007,270.7,69.3,69.7,50.0,79.7,4.3,2.3
Amer Delic,2007,270.3,58.9,73.0,50.4,80.0,10.1,2.1
Lleyton Hewitt,2007,269.8,53.7,75.6,53.4,82.8,7.6,3.3
Juan Carlos Ferrero,2007,269.6,68.1,67.4,53.3,78.5,4.0,1.7
Carlos Moya,2007,269.3,61.9,71.9,50.9,81.6,5.8,2.8
Mikhail Youzhny,2007,269.0,59.6,72.3,52.4,81.9,4.8,2.0
Paul-Henri Mathieu,2007,268.8,56.1,74.3,53.4,82.5,4.8,2.3
Potito Starace,2007,268.7,71.6,65.8,53.5,77.5,1.9,1.6
Juan Monaco,2007,268.4,65.4,67.8,55.5,78.4,3.2,1.9
Juan Martin del Potro,2007,268.1,62.2,70.5,52.7,79.0,6.4,2.7
Arnaud Clement,2007,268.0,56.0,75.4,51.8,81.9,5.6,2.7
Marat Safin,2007,268.0,58.1,72.7,52.0,80.2,8.2,3.2
Florent Serra,2007,267.0,62.8,70.4,51.4,79.8,4.7,2.1
Benjamin Becker,2007,266.6,52.0,76.2,51.3,82.0,8.2,3.1
Hyung-Taik Lee,2007,266.5,63.3,70.1,52.2,79.5,3.0,1.6
David Ferrer,2007,266.3,65.5,68.5,52.2,78.8,2.9,1.6
Marcos Baghdatis,2007,266.2,52.2,74.9,53.3,81.7,6.8,2.7
Marc Gicquel,2007,265.7,57.5,73.7,50.1,80.3,6.0,1.9
Philipp Kohlschreiber,2007,265.7,60.5,70.6,52.8,79.6,4.6,2.4
Guillermo Canas,2007,265.4,57.3,73.4,51.8,79.3,5.7,2.1
Nikolay Davydenko,2007,264.6,67.2,69.4,49.8,78.1,3.5,3.4
Andy Murray,2007,264.2,54.5,73.6,52.1,80.5,6.1,2.6
David Nalbandian,2007,263.9,58.1,72.0,51.1,80.4,5.6,3.3
Ivo Karlovic,2006,302.5,65.3,81.8,49.2,91.2,18.0,3.0
Andy Roddick,2006,300.8,66.9,78.7,55.0,90.4,11.2,1.4
Roger Federer,2006,294.2,62.7,76.7,58.9,90.2,6.9,1.2
Ivan Ljubicic,2006,289.6,60.2,79.1,52.6,88.3,11.9,2.5
Rafael Nadal,2006,286.3,69.2,71.6,57.2,86.4,3.5,1.6
Mario Ancic,2006,284.4,63.1,75.4,53.2,85.6,9.1,2.0
Wesley Moodie,2006,283.3,69.3,73.1,50.4,83.3,10.4,3.2
Radek Stepanek,2006,282.1,63.5,74.4,54.0,84.7,8.7,3.2
Tommy Haas,2006,279.9,60.6,75.9,54.3,85.2,7.1,3.2
Max Mirnyi,2006,279.1,62.3,75.8,51.3,83.7,9.7,3.7
Luis Horna,2006,277.0,65.9,70.7,53.6,84.0,5.2,2.4
Robin Soderling,2006,276.5,63.0,74.6,51.8,83.3,6.7,2.9
Kristof Vliegen,2006,275.5,64.0,72.7,51.7,82.1,7.2,2.2
Marat Safin,2006,275.2,60.8,73.1,52.5,82.3,8.3,1.8
Richard Gasquet,2006,274.5,63.2,73.4,52.5,82.9,4.8,2.3
Nikolay Davydenko,2006,273.7,68.7,69.7,53.9,80.3,3.2,2.1
Nicolas Almagro,2006,273.4,61.1,72.8,52.1,83.0,6.7,2.3
Fernando Gonzalez,2006,272.5,63.1,72.6,51.6,82.4,6.2,3.4
Kenneth Carlsen,2006,271.6,61.4,73.7,50.3,81.2,7.1,2.1
Novak Djokovic,2006,271.0,62.8,71.8,52.6,81.3,5.5,3.0
Juan Carlos Ferrero,2006,271.0,68.4,68.0,53.9,77.9,4.2,1.4
Mardy Fish,2006,270.9,51.5,77.5,52.8,82.7,9.5,3.1
Tommy Robredo,2006,270.9,69.3,68.0,52.4,79.8,3.2,1.8
Paradorn Srichaphan,2006,270.7,55.6,74.2,55.4,82.3,7.0,3.8
Tomas Berdych,2006,270.0,58.1,75.1,50.7,81.5,7.4,2.8
Nicolas Mahut,2006,269.6,62.3,71.9,49.9,81.0,7.9,3.4
Fernando Verdasco,2006,269.0,72.8,68.4,49.6,78.1,3.9,3.8
Carlos Moya,2006,268.6,58.6,73.5,51.3,81.5,6.2,2.5
Hyung-Taik Lee,2006,268.4,67.0,68.8,53.1,77.4,3.7,1.6
Agustin Calleri,2006,268.3,57.0,75.6,50.6,81.1,7.0,3.0
Feliciano Lopez,2006,268.2,58.3,75.4,48.4,79.9,9.8,3.6
Robby Ginepri,2006,267.9,65.1,69.1,51.9,77.7,5.7,1.6
Jose Acasuso,2006,267.1,53.1,74.5,53.7,81.1,6.7,2.0
Xavier Malisse,2006,266.8,57.9,73.4,51.4,79.5,6.4,1.8
Jarkko Nieminen,2006,265.9,62.7,69.6,51.7,79.9,3.8,1.8
Tim Henman,2006,265.5,61.4,70.9,51.0,79.8,4.7,2.3
James Blake,2006,265.3,57.7,72.2,52.2,79.7,6.2,2.7
Gilles Muller,2006,265.3,61.1,72.5,47.7,78.7,9.1,3.8
Daniele Bracciali,2006,264.2,51.9,74.7,51.4,81.0,8.2,3.0
Arnaud Clement,2006,263.6,58.1,71.0,53.0,78.3,5.0,1.8
Nicolas Massu,2006,263.1,58.8,70.2,52.9,79.1,4.6,2.5
Dmitry Tursunov,2006,263.0,54.9,74.0,50.2,78.9,8.8,3.8
David Nalbandian,2006,262.2,61.2,67.7,54.5,78.9,3.1,3.2
Stan Wawrinka,2006,261.2,55.8,72.1,51.5,79.7,6.0,3.9
Florian Mayer,2006,260.8,61.7,70.8,48.9,76.6,4.5,1.7
Philipp Kohlschreiber,2006,259.9,56.3,71.3,52.3,77.1,5.3,2.4
Paul-Henri Mathieu,2006,259.9,58.0,69.9,52.8,77.6,4.2,2.6
Olivier Rochus,2006,259.8,63.4,66.9,53.4,77.0,1.8,2.7
Julien Benneteau,2006,259.7,67.6,66.9,48.1,74.8,5.4,3.1
Marcos Baghdatis,2006,259.7,53.1,74.2,50.0,78.3,7.4,3.3
Andy Roddick,2005,306.9,65.8,81.5,55.8,92.5,13.2,1.9
Ivo Karlovic,2005,303.5,63.9,83.0,51.7,90.6,18.7,4.4
Roger Federer,2005,292.3,62.9,76.3,58.6,89.2,7.1,1.8
Wayne Arthurs,2005,292.1,55.5,81.8,55.3,89.4,15.2,5.1
Ivan Ljubicic,2005,290.7,61.8,76.0,54.8,87.8,12.5,2.2
Joachim Johansson,2005,287.9,60.8,77.0,54.1,87.1,13.5,4.6
Max Mirnyi,2005,287.3,63.7,78.8,50.4,85.8,12.1,3.5
Mario Ancic,2005,286.0,61.4,79.0,50.7,86.4,11.3,2.8
Rafael Nadal,2005,282.5,69.2,70.5,57.3,84.5,2.5,1.5
Thomas Johansson,2005,280.1,56.5,76.5,55.0,85.3,8.7,1.9
Fernando Gonzalez,2005,278.0,58.9,76.7,53.8,85.8,7.1,4.3
Lleyton Hewitt,2005,278.0,55.9,78.2,53.1,85.4,9.2,3.8
Greg Rusedski,2005,277.6,57.3,77.5,53.0,86.0,9.6,5.8
Andre Agassi,2005,277.1,59.6,74.8,54.3,84.8,6.2,2.6
Richard Gasquet,2005,277.0,63.9,72.8,54.7,83.5,4.6,2.5
Radek Stepanek,2005,276.6,64.1,73.8,51.2,83.0,7.5,3.0
Robby Ginepri,2005,276.4,62.8,71.4,54.7,82.7,6.6,1.8
Marat Safin,2005,276.0,58.5,75.2,52.5,82.9,8.8,1.9
Victor Hanescu,2005,275.7,68.9,69.0,53.1,80.6,5.5,1.4
Feliciano Lopez,2005,275.0,59.4,76.0,51.1,83.2,8.6,3.3
Mariano Puerta,2005,273.7,66.9,70.0,54.0,80.0,4.6,1.8
James Blake,2005,271.7,58.5,73.8,52.6,82.6,6.6,2.4
Fernando Verdasco,2005,271.3,64.9,71.7,51.1,80.7,6.6,3.7
Xavier Malisse,2005,271.2,58.2,73.5,52.0,81.3,8.2,2.0
Juan Carlos Ferrero,2005,270.4,66.6,68.2,54.5,79.7,3.1,1.7
Gilles Muller,2005,270.3,60.6,73.4,50.0,80.7,9.2,3.6
Luis Horna,2005,268.7,64.9,71.6,48.5,79.4,7.4,3.1
Tomas Berdych,2005,268.2,57.4,74.8,50.1,81.0,7.5,2.6
Tim Henman,2005,267.9,61.6,73.0,51.3,80.9,4.4,3.3
Jose Acasuso,2005,267.6,54.5,75.1,51.7,81.3,7.6,2.6
Nikolay Davydenko,2005,266.7,67.2,67.4,53.1,78.0,3.3,2.3
Sebastien Grosjean,2005,266.2,55.7,72.7,52.8,80.4,6.4,1.8
Robin Soderling,2005,265.7,60.2,73.4,48.0,78.8,9.2,3.9
Tommy Haas,2005,265.6,57.2,73.7,52.2,79.5,6.5,3.5
Taylor Dent,2005,265.5,54.8,77.9,49.5,81.8,8.1,6.6
Michael Llodra,2005,265.4,64.3,69.9,51.0,77.1,5.4,2.3
Carlos Moya,2005,265.2,60.2,72.2,50.3,80.0,5.1,2.6
Kenneth Carlsen,2005,263.2,61.0,72.9,47.2,78.7,6.1,2.7
Igor Andreev,2005,263.0,61.9,69.1,52.0,77.9,4.2,2.1
Cyril Saulnier,2005,262.8,58.8,71.9,50.3,77.4,6.8,2.4
Andrei Pavel,2005,262.4,64.6,69.9,46.4,75.9,7.4,1.8
Olivier Rochus,2005,262.0,61.3,69.1,53.4,78.9,2.0,2.7
Nicolas Almagro,2005,261.5,61.9,69.3,49.1,78.0,6.1,2.9
Paradorn Srichaphan,2005,261.2,58.8,71.6,49.8,77.9,6.1,3.0
Guillermo Canas,2005,260.8,58.9,70.0,52.4,78.7,3.3,2.5
Dmitry Tursunov,2005,260.1,54.7,76.5,46.9,78.7,9.0,5.7
Nicolas Kiefer,2005,260.0,53.4,74.2,50.1,78.5,7.5,3.7
Davide Sanguinetti,2005,259.5,57.6,71.0,50.1,77.0,5.4,1.6
Potito Starace,2005,259.5,73.3,63.8,49.3,72.4,2.5,1.8
Dominik Hrbaty,2005,259.4,58.9,70.6,50.7,77.7,5.1,3.6
Ivo Karlovic,2004,302.1,62.0,82.2,51.8,90.4,21.1,5.4
Andy Roddick,2004,300.6,63.0,80.5,55.9,90.9,12.6,2.3
Joachim Johansson,2004,300.5,63.2,80.5,53.8,91.9,15.8,4.7
Roger Federer,2004,294.5,61.6,78.2,57.6,91.6,7.6,2.1
Max Mirnyi,2004,286.5,64.6,76.6,51.3,86.7,11.1,3.8
Ivan Ljubicic,2004,285.9,60.1,76.9,53.9,85.9,11.4,2.3
Andre Agassi,2004,285.2,60.2,76.2,56.0,88.1,7.0,2.3
Greg Rusedski,2004,284.4,60.1,78.1,53.7,86.9,11.2,5.6
Martin Verkerk,2004,283.3,61.4,76.9,51.1,85.4,12.9,4.4
Wayne Arthurs,2004,283.1,56.3,78.4,52.4,86.7,14.8,5.5
Michael Llodra,2004,282.9,64.6,74.7,53.6,86.1,6.2,2.3
Marat Safin,2004,281.3,56.0,76.4,55.3,85.9,9.8,2.1
Mario Ancic,2004,278.4,61.9,74.5,52.8,82.9,9.5,3.2
Carlos Moya,2004,277.6,56.5,76.3,55.0,85.3,7.2,2.7
Feliciano Lopez,2004,276.4,56.8,76.6,51.9,84.7,10.0,3.6
Cyril Saulnier,2004,274.4,55.3,75.3,54.3,84.0,8.6,3.1
Mardy Fish,2004,273.9,55.0,76.9,50.9,84.1,11.1,4.1
Andrei Pavel,2004,273.2,64.3,71.1,52.2,81.7,5.7,1.8
Tim Henman,2004,273.1,59.2,74.2,54.2,83.5,6.1,4.1
Raemon Sluiter,2004,273.1,60.2,75.5,50.4,81.4,8.4,2.8
Fernando Verdasco,2004,273.0,65.6,69.7,54.5,81.6,4.8,3.2
Juan Carlos Ferrero,2004,272.7,62.6,70.5,54.4,82.0,5.8,2.6
Sjeng Schalken,2004,272.3,73.9,66.2,54.2,77.3,2.5,1.8
Thomas Johansson,2004,272.0,55.2,76.5,51.6,81.5,9.3,2.1
Gregory Carraz,2004,271.5,61.9,75.7,47.0,82.9,10.1,6.1
Dominik Hrbaty,2004,270.9,64.0,71.5,53.1,80.7,4.5,2.9
Antony Dupuis,2004,270.7,59.4,73.4,51.9,80.9,7.5,2.4
Victor Hanescu,2004,270.3,67.1,69.1,50.1,79.8,6.5,2.3
Robin Soderling,2004,269.9,61.2,73.0,50.3,81.1,7.0,2.7
Jan-Michael Gambill,2004,269.3,58.7,76.2,46.4,79.4,11.7,3.1
Kenneth Carlsen,2004,269.0,60.9,73.5,49.9,80.3,7.5,3.1
Sebastien Grosjean,2004,268.9,51.6,76.7,53.0,82.8,6.8,2.0
Luis Horna,2004,268.5,67.2,70.1,49.7,79.5,4.5,2.5
Tommy Haas,2004,268.3,57.8,74.6,51.5,82.1,5.7,3.4
Lleyton Hewitt,2004,268.0,54.5,75.2,53.4,82.3,6.2,3.6
Paradorn Srichaphan,2004,267.5,59.6,72.9,51.1,80.7,6.2,3.0
Fernando Gonzalez,2004,267.3,59.8,74.3,50.4,80.5,6.1,3.8
Rafael Nadal,2004,266.6,69.9,66.6,53.9,76.9,1.3,2.0
Radek Stepanek,2004,265.8,62.1,73.1,48.2,79.7,6.3,3.6
Guillermo Coria,2004,265.7,67.4,68.8,51.7,78.0,2.5,2.7
Jiri Novak,2004,265.3,64.3,70.6,49.5,78.3,4.4,1.8
Mariano Zabaleta,2004,265.3,61.8,70.4,53.1,79.1,3.8,2.9
Guillermo Canas,2004,265.1,58.9,72.1,53.0,79.7,4.8,3.4
Agustin Calleri,2004,265.0,56.5,73.8,50.3,80.2,7.5,3.3
Hicham Arazi,2004,263.6,62.2,68.2,52.5,78.3,4.3,1.9
Gustavo Kuerten,2004,263.6,55.4,73.6,50.2,79.0,8.2,2.8
Nicolas Kiefer,2004,262.6,54.6,77.2,47.9,79.4,7.3,3.8
Nikolay Davydenko,2004,262.3,66.5,69.1,49.1,77.0,3.3,2.7
Tommy Robredo,2004,262.1,60.0,71.1,50.8,79.0,4.3,3.1
Florian Mayer,2004,261.5,60.8,69.2,52.2,77.3,4.6,2.6
Andy Roddick,2003,300.0,61.7,80.1,57.9,91.4,11.1,2.2
Max Mirnyi,2003,287.0,63.7,77.0,53.3,87.3,9.0,3.3
Wayne Arthurs,2003,285.3,57.1,79.6,53.5,85.4,14.3,4.6
Younes El Aynaoui,2003,284.8,66.2,74.8,50.3,85.9,10.4,2.8
Roger Federer,2003,284.4,59.4,77.0,55.9,87.3,7.8,3.0
Ivan Ljubicic,2003,282.1,55.7,78.5,52.4,85.8,13.0,3.3
Mark Philippoussis,2003,281.8,57.0,80.0,50.2,84.8,14.7,4.9
Andre Agassi,2003,280.2,62.2,74.1,55.2,85.6,5.5,2.4
Mardy Fish,2003,276.8,53.3,79.9,51.2,85.3,11.0,3.9
Martin Verkerk,2003,276.5,58.3,77.4,49.8,82.7,14.1,5.8
Guillermo Coria,2003,274.5,66.4,69.2,55.9,82.0,2.8,1.8
Gustavo Kuerten,2003,274.2,55.5,76.2,52.2,83.8,8.5,2.0
Juan Carlos Ferrero,2003,273.8,60.0,72.8,55.0,83.3,5.6,2.9
Feliciano Lopez,2003,273.8,58.0,74.6,52.9,83.4,8.4,3.5
Robby Ginepri,2003,272.7,60.8,71.4,53.7,82.3,7.6,3.1
Taylor Dent,2003,271.7,55.7,78.0,52.1,83.7,8.5,6.3
Antony Dupuis,2003,271.4,58.4,73.3,52.6,81.2,8.6,2.7
Sjeng Schalken,2003,270.0,67.6,68.3,54.8,78.6,2.7,2.0
Sebastien Grosjean,2003,269.3,52.4,74.7,54.6,82.4,6.9,1.7
Carlos Moya,2003,268.9,54.9,74.8,52.8,83.1,6.5,3.2
Fernando Gonzalez,2003,268.3,59.9,73.3,51.6,81.3,7.2,5.0
Wayne Ferreira,2003,268.2,57.4,73.4,51.0,81.4,7.5,2.5
Radek Stepanek,2003,268.0,61.4,73.1,49.7,79.8,7.0,3.0
Paradorn Srichaphan,2003,267.8,55.7,75.3,52.9,80.9,6.4,3.4
Raemon Sluiter,2003,266.9,61.1,71.4,51.0,79.7,7.0,3.3
Jonas Bjorkman,2003,266.5,57.8,73.8,51.0,81.3,5.5,2.9
Jan-Michael Gambill,2003,265.7,56.5,75.3,47.8,79.2,10.0,3.1
Jiri Novak,2003,265.0,65.4,68.8,51.3,78.1,3.7,2.3
Albert Costa,2003,264.6,60.9,70.3,51.3,78.7,6.1,2.7
Kenneth Carlsen,2003,264.5,58.6,73.2,49.6,77.7,8.3,2.9
Lleyton Hewitt,2003,263.7,51.6,75.2,53.5,81.2,6.2,4.0
Tim Henman,2003,262.8,58.9,72.6,50.9,79.3,4.8,3.7
Mario Ancic,2003,262.1,58.1,71.9,49.9,78.1,8.4,4.3
Jarkko Nieminen,2003,261.3,67.8,66.1,50.8,75.2,3.1,1.7
Rainer Schuettler,2003,261.0,60.0,69.8,52.8,77.6,3.5,2.7
Hicham Arazi,2003,260.6,59.8,69.7,52.8,76.8,3.0,1.5
Dominik Hrbaty,2003,260.5,60.0,71.2,50.5,77.3,4.5,3.0
Tommy Robredo,2003,260.5,68.8,66.3,50.3,75.3,2.7,2.9
Nicolas Lapentti,2003,260.2,61.7,68.9,50.2,76.7,4.9,2.2
Sargis Sargsian,2003,259.9,61.6,69.4,50.9,77.3,4.1,3.4
Nicolas Massu,2003,259.5,60.6,69.9,50.3,77.5,4.2,3.0
Arnaud Clement,2003,259.3,56.0,71.9,51.0,77.3,5.4,2.3
Hyung-Taik Lee,2003,258.9,63.6,68.0,51.4,74.4,3.5,2.0
Agustin Calleri,2003,258.7,53.3,75.8,48.3,78.4,6.8,3.9
Xavier Malisse,2003,258.4,52.3,74.1,51.2,75.5,8.5,3.2
James Blake,2003,258.3,60.4,70.5,49.6,75.7,5.0,2.9
Luis Horna,2003,258.2,66.8,67.7,47.8,75.5,3.5,3.1
Thomas Enqvist,2003,257.9,54.1,75.1,48.3,77.3,8.2,5.1
Nikolay Davydenko,2003,256.7,66.7,64.3,52.3,72.8,2.9,2.3
Mariano Zabaleta,2003,256.2,60.0,68.8,51.3,75.7,3.1,2.7
Wayne Arthurs,2002,294.5,57.5,81.5,53.7,90.0,17.1,5.3
Greg Rusedski,2002,291.7,60.4,80.2,54.8,88.5,11.9,4.1
Andy Roddick,2002,288.0,61.1,78.6,54.1,87.6,9.2,2.6
Pete Sampras,2002,286.1,58.9,78.6,52.3,87.2,14.5,5.4
Andre Agassi,2002,282.4,62.5,74.6,55.5,86.7,5.8,2.7
Ivan Ljubicic,2002,279.9,56.8,77.2,51.7,84.1,13.5,3.4
Younes El Aynaoui,2002,279.8,63.5,74.3,52.9,83.6,8.5,3.0
Roger Federer,2002,278.7,59.9,75.5,53.6,85.7,6.6,2.6
Max Mirnyi,2002,278.0,63.8,74.0,51.9,82.8,8.5,3.0
Gustavo Kuerten,2002,277.8,56.4,76.5,52.7,85.0,8.9,1.7
Todd Martin,2002,277.0,61.2,75.8,50.4,83.8,9.7,3.9
Jan-Michael Gambill,2002,273.7,55.3,77.1,50.8,82.2,11.3,3.0
Marat Safin,2002,273.7,57.7,74.5,52.3,83.0,8.3,2.1
Feliciano Lopez,2002,271.7,59.4,74.8,49.4,82.5,9.9,4.3
Jiri Novak,2002,270.8,66.1,69.3,52.8,80.4,4.0,1.8
Carlos Moya,2002,270.5,60.2,73.8,51.6,82.5,4.8,2.4
Fernando Gonzalez,2002,270.0,58.8,75.7,49.4,83.7,8.4,6.0
Paradorn Srichaphan,2002,269.0,55.5,75.1,53.2,81.6,6.9,3.3
Wayne Ferreira,2002,268.8,52.5,75.8,51.5,81.9,10.4,3.3
Tommy Haas,2002,268.4,55.2,75.6,52.2,81.6,8.5,4.7
Guillermo Canas,2002,268.2,59.4,71.7,54.0,80.7,5.1,2.7
Albert Costa,2002,268.1,63.3,69.8,53.1,79.1,4.4,1.6
Andrei Pavel,2002,267.9,64.6,69.6,51.7,79.2,4.8,2.0
Thomas Johansson,2002,266.9,52.4,76.2,51.4,81.2,8.6,2.9
Tim Henman,2002,266.7,63.5,69.5,52.3,80.4,3.3,2.3
Sjeng Schalken,2002,266.4,67.2,69.3,51.0,78.7,3.2,3.0
Taylor Dent,2002,266.3,59.9,72.6,51.6,79.6,7.1,4.5
Marcelo Rios,2002,266.2,60.5,69.8,52.6,80.6,5.5,2.8
Julien Boutter,2002,265.9,56.4,74.0,51.2,80.1,10.2,6.0
Juan Carlos Ferrero,2002,265.3,60.4,70.6,52.7,79.4,5.0,2.8
Nicolas Escude,2002,264.9,58.5,74.6,49.7,78.7,7.8,4.4
Radek Stepanek,2002,263.8,58.6,73.3,48.7,79.0,7.1,2.9
Gaston Gaudio,2002,263.2,62.5,69.4,52.3,77.8,4.0,2.8
Paul-Henri Mathieu,2002,262.7,51.6,73.6,53.8,80.7,5.8,2.8
Kristian Pless,2002,262.7,61.8,68.8,52.1,77.3,5.9,3.2
Antony Dupuis,2002,261.8,60.9,70.6,49.6,77.2,6.6,3.1
Lleyton Hewitt,2002,261.6,51.0,74.2,53.1,80.2,7.1,4.0
Nicolas Lapentti,2002,261.4,59.1,72.8,48.5,76.8,6.7,2.5
Sebastien Grosjean,2002,261.3,55.0,71.2,52.6,79.1,4.8,1.4
Xavier Malisse,2002,261.0,56.5,72.1,51.0,77.4,6.6,2.6
Alex Corretja,2002,260.6,56.7,70.7,53.0,79.1,4.2,3.1
Agustin Calleri,2002,260.3,57.1,72.8,50.8,78.2,4.7,3.3
James Blake,2002,259.8,59.3,69.7,50.2,78.7,4.4,2.5
Jonas Bjorkman,2002,259.1,57.8,71.2,50.8,77.1,5.0,2.8
Yevgeny Kafelnikov,2002,258.7,53.5,74.8,50.1,78.4,6.7,4.8
Guillermo Coria,2002,258.4,63.8,67.3,51.6,74.2,3.4,1.9
Nicolas Massu,2002,258.3,58.7,70.7,50.3,77.2,4.6,3.2
Juan Ignacio Chela,2002,258.1,55.1,71.9,52.4,77.3,4.7,3.3
Mikhail Youzhny,2002,257.8,64.2,67.1,50.0,76.3,2.7,2.5
Arnaud Clement,2002,257.7,58.1,69.9,51.1,76.9,4.5,2.8
Andy Roddick,2001,292.1,59.1,79.1,56.5,90.4,10.4,3.4
Goran Ivanisevic,2001,288.8,56.7,81.5,51.3,87.5,16.7,4.9
Wayne Arthurs,2001,287.0,53.3,80.1,55.7,87.8,15.5,5.4
Patrick Rafter,2001,287.0,64.9,76.8,53.4,87.4,8.0,3.5
Greg Rusedski,2001,285.5,58.4,79.7,53.4,87.1,10.5,3.6
Pete Sampras,2001,283.8,60.2,78.2,52.1,86.4,12.3,5.4
Gustavo Kuerten,2001,281.2,55.8,76.8,54.9,86.6,9.3,2.2
Andre Agassi,2001,280.1,66.4,72.8,54.0,84.2,5.0,2.3
Ivan Ljubicic,2001,279.4,55.9,76.9,53.0,85.5,11.0,2.9
Max Mirnyi,2001,277.4,60.8,77.3,51.2,83.0,8.8,3.7
Roger Federer,2001,274.9,59.6,74.4,52.6,83.4,8.0,3.1
Younes El Aynaoui,2001,274.8,63.9,71.8,52.4,82.6,6.9,2.8
Marat Safin,2001,273.2,55.5,75.2,53.4,83.4,8.0,2.3
Juan Balcells,2001,272.1,70.8,68.3,51.4,78.4,5.2,2.0
Tommy Haas,2001,271.6,55.7,76.5,52.0,83.4,7.9,3.9
Jan-Michael Gambill,2001,270.2,55.3,75.2,49.9,82.8,10.5,3.5
Tim Henman,2001,270.0,60.0,74.0,51.7,82.6,4.9,3.2
Juan Carlos Ferrero,2001,268.6,60.1,71.2,54.6,81.4,4.5,3.2
Jiri Novak,2001,267.7,64.0,71.0,50.9,79.9,4.4,2.5
Xavier Malisse,2001,267.6,57.3,75.1,51.0,80.3,6.3,2.4
Carlos Moya,2001,267.4,56.9,72.8,53.1,80.5,6.5,2.4
Thomas Johansson,2001,267.1,53.0,76.3,50.7,81.1,8.6,2.6
Jerome Golmard,2001,266.1,61.0,70.9,51.2,80.6,5.5,3.1
Lleyton Hewitt,2001,266.0,53.7,74.2,54.0,82.5,5.2,3.6
Guillermo Canas,2001,264.5,60.9,70.8,51.5,78.2,5.7,2.6
Sebastien Grosjean,2001,264.1,56.3,71.9,52.5,79.4,5.6,1.6
Tommy Robredo,2001,264.1,64.4,69.6,51.0,78.6,3.8,3.3
Julien Boutter,2001,263.0,54.7,76.1,48.5,80.9,9.8,7.0
Albert Costa,2001,262.9,66.7,66.5,52.5,75.2,3.4,1.4
Andrei Pavel,2001,261.8,64.8,69.1,49.4,75.8,4.8,2.1
Nicolas Escude,2001,260.5,55.2,72.1,51.4,79.2,6.2,3.6
Antony Dupuis,2001,260.3,58.5,72.4,49.6,76.7,6.4,3.3
Yevgeny Kafelnikov,2001,260.2,51.9,75.2,51.2,79.9,7.1,5.1
Francisco Clavet,2001,259.4,61.5,66.1,55.2,76.0,2.0,1.4
Nicolas Lapentti,2001,259.3,56.8,74.5,47.3,78.2,5.7,3.2
Sjeng Schalken,2001,258.9,60.3,69.9,51.3,76.9,4.1,3.6
Alex Calatrava,2001,258.0,56.7,71.5,49.1,77.1,5.7,2.1
Arnaud Clement,2001,257.8,59.1,69.6,50.7,76.8,5.0,3.4
Hicham Arazi,2001,257.5,58.8,68.1,52.4,75.5,4.0,1.3
Wayne Ferreira,2001,257.4,53.7,73.6,48.3,77.5,7.2,2.9
Cedric Pioline,2001,257.2,52.7,73.5,50.6,76.8,8.5,4.9
Marc Rosset,2001,257.2,56.1,76.8,43.8,78.5,9.5,7.5
Marcelo Rios,2001,257.2,57.7,70.2,50.3,77.1,5.1,3.2
Thomas Enqvist,2001,256.8,53.4,73.8,49.0,78.3,7.8,5.5
Gaston Gaudio,2001,255.8,60.9,68.4,50.2,75.9,3.1,2.7
Mikhail Youzhny,2001,254.6,61.9,67.8,50.4,73.7,3.3,2.5
Mariano Zabaleta,2001,254.3,55.7,70.9,50.2,75.9,5.1,3.5
Harel Levy,2001,254.1,59.2,69.5,47.6,75.0,4.7,1.9
Fernando Meligeni,2001,253.5,56.1,69.0,51.8,75.5,4.9,3.8
Magnus Norman,2001,253.1,60.0,68.6,48.6,72.8,5.2,2.1
Pete Sampras,2000,295.9,62.3,81.3,53.8,91.4,12.6,5.5
Richard Krajicek,2000,293.6,58.1,81.7,54.3,88.2,14.7,3.4
Mark Philippoussis,2000,288.4,56.1,81.5,53.3,87.6,15.2,5.3
Patrick Rafter,2000,287.6,64.5,76.5,54.8,87.8,7.0,3.0
Jan-Michael Gambill,2000,280.1,54.9,79.3,51.7,85.6,12.4,3.8
Gustavo Kuerten,2000,279.0,53.7,78.3,53.7,85.8,9.8,2.3
Max Mirnyi,2000,278.1,64.3,74.1,50.5,83.4,9.1,3.3
Andre Agassi,2000,276.9,61.5,73.6,54.9,84.7,5.3,3.1
Mariano Puerta,2000,275.0,66.7,70.4,53.9,82.4,3.0,1.4
Magnus Norman,2000,274.4,63.0,72.7,52.3,81.9,6.6,2.1
Marat Safin,2000,272.9,51.9,77.7,52.4,83.5,9.5,2.1
Tim Henman,2000,272.3,55.4,77.5,51.5,84.6,7.0,3.7
Marc Rosset,2000,271.0,57.2,78.0,48.9,83.1,9.9,6.1
Thomas Enqvist,2000,270.9,54.6,76.9,52.6,83.0,9.0,5.2
Greg Rusedski,2000,270.4,57.9,75.5,50.9,81.9,9.2,5.0
Wayne Ferreira,2000,270.2,54.4,75.5,52.8,82.3,8.3,3.1
Younes El Aynaoui,2000,269.6,60.9,73.2,50.4,80.8,7.4,3.1
Richard Fromberg,2000,269.2,59.8,73.6,48.9,80.3,9.9,3.3
Ivan Ljubicic,2000,268.5,53.1,77.9,48.0,81.3,11.4,3.2
Roger Federer,2000,268.1,58.6,72.1,52.2,81.7,7.1,3.6
Cedric Pioline,2000,267.5,52.8,78.2,49.7,83.3,8.3,4.8
Lleyton Hewitt,2000,266.6,53.0,75.2,53.3,82.7,6.2,3.8
Byron Black,2000,266.3,63.0,69.2,53.0,79.4,3.5,1.8
Sebastien Grosjean,2000,265.6,59.0,69.9,54.7,79.2,4.5,1.7
Albert Costa,2000,265.5,61.4,68.2,54.7,78.8,4.0,1.6
Alex Corretja,2000,265.3,49.4,76.2,54.4,82.0,5.6,2.3
Magnus Gustafsson,2000,265.0,62.6,70.7,52.0,79.5,4.2,4.0
Andrei Pavel,2000,264.6,64.8,67.7,52.5,77.0,5.2,2.6
Carlos Moya,2000,264.3,54.7,73.5,52.0,81.6,5.2,2.7
Jonas Bjorkman,2000,263.1,62.0,69.8,52.1,78.1,3.9,2.8
Dominik Hrbaty,2000,262.7,54.1,74.9,51.1,80.0,6.7,4.1
Justin Gimelstob,2000,262.1,59.2,72.5,48.8,77.5,8.4,4.3
Thomas Johansson,2000,261.9,48.4,77.7,50.9,79.9,8.9,3.9
Jerome Golmard,2000,261.7,56.1,71.3,53.0,78.4,6.4,3.5
Jason Stoltenberg,2000,261.7,56.5,75.0,49.1,78.5,5.9,3.3
Nicolas Lapentti,2000,261.6,57.9,72.3,49.4,78.8,6.5,3.3
Francisco Clavet,2000,261.0,63.8,67.3,53.1,76.5,2.2,1.9
Marcelo Rios,2000,261.0,54.8,72.2,52.4,79.4,5.9,3.7
Tommy Haas,2000,260.7,54.1,73.9,51.2,79.3,6.7,4.5
Hicham Arazi,2000,260.0,58.2,69.9,51.0,78.6,4.6,2.3
Nicolas Kiefer,2000,259.9,51.5,75.1,51.6,79.6,6.5,4.4
Chris Woodruff,2000,259.7,59.4,72.7,48.8,76.8,6.4,4.4
Jiri Novak,2000,259.5,65.8,67.9,49.4,74.6,3.6,1.8
Goran Ivanisevic,2000,259.2,51.7,78.7,46.1,76.0,13.4,6.7
Juan Carlos Ferrero,2000,258.4,57.8,68.7,54.0,77.8,3.8,3.7
David Prinosil,2000,258.3,52.5,76.5,47.0,78.4,9.3,5.4
Sjeng Schalken,2000,258.1,56.5,72.3,50.1,78.5,5.3,4.6
Nicolas Escude,2000,257.4,51.1,74.5,50.8,78.1,6.6,3.7
Andreas Vinciguerra,2000,257.3,56.3,70.8,50.5,77.5,5.1,2.9
Karim Alami,2000,257.0,56.1,72.2,50.1,77.2,5.2,3.8
Richard Krajicek,1999,295.4,61.0,82.5,51.6,89.3,13.7,2.7
Pete Sampras,1999,290.8,59.9,82.0,53.4,89.9,10.0,4.4
Mark Philippoussis,1999,285.6,58.4,81.0,49.6,87.1,14.3,4.8
Andre Agassi,1999,284.9,61.3,76.6,55.8,88.4,5.2,2.4
Todd Martin,1999,284.5,63.0,78.3,49.8,85.9,11.4,3.9
Greg Rusedski,1999,284.5,58.5,79.7,53.1,86.9,10.7,4.4
Jim Courier,1999,281.7,65.7,74.2,54.5,83.8,5.9,2.4
Patrick Rafter,1999,281.1,64.9,75.3,52.7,84.7,6.7,3.2
Gustavo Kuerten,1999,271.4,53.2,78.9,50.5,82.5,8.7,2.4
Magnus Larsson,1999,270.7,62.9,71.3,52.0,80.8,6.6,2.9
Albert Costa,1999,270.1,66.4,69.8,52.3,79.7,3.9,2.0
Thomas Enqvist,1999,269.9,57.5,75.6,51.2,81.5,8.3,4.2
Goran Ivanisevic,1999,268.8,54.1,81.1,46.2,80.2,15.0,7.8
Younes El Aynaoui,1999,267.9,59.9,73.0,51.0,81.4,6.2,3.6
Richard Fromberg,1999,267.7,59.8,73.1,48.7,79.3,10.5,3.7
Jan-Michael Gambill,1999,267.7,55.4,76.5,48.7,80.8,9.5,3.2
Lleyton Hewitt,1999,267.5,58.8,71.0,54.9,81.1,3.9,2.2
Daniel Nestor,1999,267.3,59.4,77.5,46.1,82.0,8.5,6.2
Wayne Ferreira,1999,266.8,54.6,77.7,49.6,80.6,8.0,3.7
Jerome Golmard,1999,266.4,58.2,72.3,53.0,80.7,4.9,2.7
Tommy Haas,1999,265.8,53.3,76.5,50.8,82.3,8.5,5.6
Marc Rosset,1999,265.3,54.3,79.3,46.7,82.1,9.6,6.7
Magnus Norman,1999,264.7,58.3,73.1,51.1,80.0,4.8,2.6
Nicolas Lapentti,1999,264.6,62.2,71.6,49.2,78.8,5.3,2.5
Tim Henman,1999,264.2,55.0,76.5,48.9,80.7,7.1,4.0
Kenneth Carlsen,1999,264.0,59.4,73.7,49.6,78.6,6.1,3.4
Chris Woodruff,1999,263.8,61.0,73.3,48.6,79.1,6.1,4.3
Andrei Pavel,1999,262.3,68.9,67.8,48.5,75.4,3.6,1.9
Magnus Gustafsson,1999,262.1,63.2,70.3,50.4,77.8,4.4,4.0
Alex Corretja,1999,261.6,54.9,71.5,53.2,79.2,5.1,2.3
Yevgeny Kafelnikov,1999,260.6,56.0,74.2,50.0,78.5,6.3,4.4
Jiri Novak,1999,260.6,62.7,68.5,50.2,77.7,4.1,2.6
Marat Safin,1999,260.6,49.1,76.5,51.4,77.8,8.9,3.1
Michael Chang,1999,260.5,56.9,70.9,52.4,77.6,4.2,1.5
Sebastien Lareau,1999,260.2,62.3,68.8,49.7,76.6,5.9,3.1
Karol Kucera,1999,259.4,57.5,72.6,50.4,77.4,5.2,3.7
Nicolas Kiefer,1999,259.4,51.2,74.9,51.3,79.7,6.4,4.1
Laurence Tieleman,1999,259.3,54.3,74.3,50.7,77.9,6.6,4.5
David Prinosil,1999,259.2,51.6,75.9,49.8,78.9,7.3,4.3
Sargis Sargsian,1999,259.2,62.6,68.5,49.8,76.8,3.8,2.3
Jan Siemerink,1999,259.0,55.2,73.8,49.8,79.2,6.3,5.3
Dominik Hrbaty,1999,258.9,53.7,73.2,51.7,78.3,6.1,4.1
Justin Gimelstob,1999,258.8,60.1,71.8,46.6,77.4,6.7,3.8
Nicolas Escude,1999,258.7,57.9,69.7,51.6,76.3,5.8,2.6
Marcelo Rios,1999,258.7,56.3,70.5,53.4,77.8,4.0,3.3
Sebastien Grosjean,1999,258.6,57.7,71.1,49.6,77.0,5.1,1.9
Jens Knippschild,1999,258.5,49.6,77.0,49.9,79.1,7.3,4.4
Cedric Pioline,1999,257.5,54.3,74.9,48.6,78.3,5.8,4.4
Jason Stoltenberg,1999,256.8,56.5,71.3,50.9,76.4,5.3,3.6
Thomas Johansson,1999,256.3,49.4,76.4,48.6,77.2,8.1,3.4
Richard Krajicek,1998,295.5,59.5,82.8,52.9,89.2,14.6,3.5
Pete Sampras,1998,288.7,58.7,83.0,50.9,88.7,11.6,4.2
Patrick Rafter,1998,287.3,65.2,76.8,53.8,87.6,6.9,3.0
Greg Rusedski,1998,286.3,56.0,81.9,53.3,88.0,12.0,4.9
Todd Martin,1998,281.8,62.3,77.4,50.7,84.6,10.1,3.3
Mark Philippoussis,1998,281.3,59.3,79.7,49.0,84.9,13.4,5.0
Magnus Larsson,1998,279.5,62.1,78.4,48.8,85.5,8.2,3.5
Goran Ivanisevic,1998,279.1,54.3,83.5,46.9,85.7,15.0,6.3
Marcelo Rios,1998,277.8,59.8,74.4,55.9,85.0,5.0,2.3
Andre Agassi,1998,277.1,63.8,74.1,52.5,84.8,4.5,2.6
Thomas Enqvist,1998,275.6,57.2,76.8,52.0,83.5,9.8,3.7
Jan Siemerink,1998,275.5,57.8,77.0,51.1,85.9,8.3,4.6
Richard Fromberg,1998,271.6,59.9,76.3,47.2,81.1,10.8,3.7
Jim Courier,1998,269.3,65.0,71.0,51.1,79.7,4.8,2.3
Kenneth Carlsen,1998,268.4,54.5,77.4,49.3,82.4,9.2,4.4
Gustavo Kuerten,1998,266.5,54.5,75.6,50.0,81.4,7.9,2.9
Albert Costa,1998,266.3,69.2,67.9,50.3,78.3,3.0,2.4
Thomas Johansson,1998,265.9,50.3,79.2,49.2,80.8,9.8,3.4
Mariano Puerta,1998,265.9,64.6,68.5,53.1,79.0,2.6,1.9
Sebastien Lareau,1998,264.7,65.2,71.1,46.9,77.9,7.3,3.7
Marat Safin,1998,264.6,51.4,78.3,48.4,80.6,9.6,3.7
Martin Damm,1998,264.2,55.7,75.1,49.3,78.8,8.6,3.3
Jerome Golmard,1998,264.2,62.2,70.5,50.6,79.7,5.3,4.1
Tim Henman,1998,263.5,53.0,78.2,48.8,80.2,7.3,4.0
Jan-Michael Gambill,1998,263.4,55.2,74.7,48.4,78.2,10.5,3.6
Alex Corretja,1998,263.0,55.8,72.6,52.1,80.0,4.9,2.4
Felix Mantilla,1998,262.5,60.8,69.2,52.3,78.6,4.0,2.4
Jason Stoltenberg,1998,262.5,58.0,73.7,49.6,78.8,6.0,3.6
Francisco Clavet,1998,262.2,63.7,68.4,52.4,77.4,2.6,2.3
Michael Chang,1998,262.2,54.3,73.7,50.8,79.6,5.9,2.1
Marc Rosset,1998,262.0,53.8,80.0,45.5,79.6,9.6,6.5
Andrei Pavel,1998,261.9,63.1,69.9,48.8,77.1,5.1,2.1
Guillaume Raoux,1998,261.7,56.0,71.2,53.6,79.7,3.8,2.6
Brett Steven,1998,261.5,65.1,67.2,51.1,77.5,3.4,2.8
Magnus Gustafsson,1998,261.4,62.6,70.3,50.9,78.5,3.2,4.1
Cedric Pioline,1998,261.0,58.8,73.6,48.7,77.9,5.4,3.4
Ramon Delgado,1998,260.8,55.6,72.3,49.1,78.2,9.0,3.4
Scott Draper,1998,260.7,56.0,72.1,51.2,77.6,6.5,2.7
Byron Black,1998,259.6,60.0,68.8,52.2,77.0,4.1,2.5
Daniel Vacek,1998,259.5,56.8,74.3,47.2,79.4,6.8,5.0
Paul Haarhuis,1998,259.1,56.6,71.4,50.3,77.8,5.8,2.8
Yevgeny Kafelnikov,1998,258.6,54.2,74.5,49.7,78.8,5.9,4.5
Andrei Medvedev,1998,258.6,58.7,73.5,47.3,76.8,7.4,5.1
Jiri Novak,1998,258.2,64.6,67.8,49.3,74.5,4.5,2.5
Thomas Muster,1998,258.0,59.9,68.5,52.0,76.6,3.2,2.2
Carlos Moya,1998,257.9,55.1,72.0,50.9,77.4,5.0,2.5
Wayne Ferreira,1998,257.7,53.4,75.6,47.8,77.8,6.8,3.7
Tommy Haas,1998,257.7,59.2,71.5,48.2,77.6,5.1,3.9
Sargis Sargsian,1998,257.0,59.7,70.2,49.6,76.4,4.3,3.2
Sjeng Schalken,1998,256.7,60.1,69.1,49.8,76.6,4.3,3.2
Richard Krajicek,1997,298.2,58.3,85.6,52.3,90.6,14.5,3.1
Pete Sampras,1997,296.9,63.7,81.6,52.9,90.4,10.6,2.3
Greg Rusedski,1997,296.8,57.1,84.4,54.2,91.6,14.0,4.5
Goran Ivanisevic,1997,284.6,54.4,83.5,50.1,87.5,14.7,5.6
Mark Philippoussis,1997,284.2,58.3,80.3,51.1,86.5,13.6,5.6
Magnus Larsson,1997,277.2,62.8,74.5,51.8,83.3,7.5,2.7
Albert Costa,1997,277.0,68.8,70.6,53.4,83.0,3.5,2.3
Patrick Rafter,1997,275.8,60.6,75.8,51.7,84.8,7.0,4.1
Thomas Enqvist,1997,273.4,55.1,78.1,51.6,84.0,7.8,3.2
Brett Steven,1997,272.6,64.8,71.4,52.2,83.0,4.6,3.4
Jonathan Stark,1997,271.9,58.2,78.2,46.8,81.1,12.0,4.4
Alex Radulescu,1997,271.6,56.2,78.0,48.7,81.8,10.5,3.6
Guillaume Raoux,1997,268.6,56.1,75.5,52.7,81.9,5.1,2.7
Alex O'Brien,1997,268.2,64.6,69.8,51.8,79.4,5.3,2.7
Tim Henman,1997,267.9,51.7,79.9,50.0,82.8,8.1,4.6
Felix Mantilla,1997,267.5,67.0,68.2,52.4,79.3,2.5,1.9
Marc-Kevin Goellner,1997,266.9,50.9,80.2,48.6,80.1,11.7,4.6
Kenneth Carlsen,1997,266.8,55.8,74.9,50.8,80.3,8.9,3.9
Cedric Pioline,1997,266.8,60.8,73.4,50.5,79.9,5.5,3.3
Thomas Muster,1997,266.3,58.7,71.0,53.2,81.5,4.1,2.2
Jim Courier,1997,266.0,60.6,72.8,50.4,80.1,5.2,3.1
Petr Korda,1997,266.0,55.6,75.1,51.3,82.8,6.2,5.0
Richard Fromberg,1997,265.7,59.7,75.9,46.7,79.9,8.7,5.2
Gustavo Kuerten,1997,265.5,54.1,75.5,50.7,79.9,8.6,3.3
Sandon Stolle,1997,265.2,58.4,76.8,47.1,79.2,8.5,4.8
Marcelo Rios,1997,263.9,55.3,72.7,53.0,81.0,5.2,3.3
Martin Damm,1997,263.8,53.7,77.0,47.8,79.8,9.3,3.8
Nicolas Kiefer,1997,263.5,53.8,77.0,48.6,79.7,7.9,3.5
Chris Woodruff,1997,263.3,58.3,73.4,49.2,80.6,6.1,4.3
Michael Chang,1997,263.1,52.4,74.2,52.9,80.7,5.6,2.7
Jiri Novak,1997,263.0,68.3,69.4,47.8,76.9,2.9,2.3
Sergi Bruguera,1997,262.9,58.8,72.1,51.0,78.0,4.9,1.9
Jan Siemerink,1997,262.9,57.1,73.9,49.6,80.0,7.1,4.8
Magnus Norman,1997,262.6,53.5,73.9,49.7,79.9,8.7,3.1
Richey Reneberg,1997,262.5,57.6,72.1,51.4,79.0,4.9,2.5
Jonas Bjorkman,1997,261.0,54.6,72.9,52.0,80.0,4.8,3.3
Alberto Berasategui,1997,260.8,73.5,64.3,50.1,73.0,2.5,2.6
Michael Stich,1997,260.7,53.5,75.6,50.3,78.8,8.3,5.8
Alex Corretja,1997,260.4,57.3,71.3,52.3,78.7,3.5,2.7
Paul Haarhuis,1997,260.2,59.3,71.2,49.2,77.6,5.6,2.7
Jason Stoltenberg,1997,260.2,58.8,74.3,46.5,77.8,6.6,3.8
Tommy Haas,1997,259.7,60.1,70.4,50.5,76.7,5.8,3.8
Scott Draper,1997,259.6,56.4,72.6,50.1,76.7,6.8,3.0
Marc Rosset,1997,259.5,55.3,77.0,45.7,79.4,7.8,5.7
Thomas Johansson,1997,259.4,51.3,76.1,50.0,78.9,6.5,3.4
Marcelo Filippini,1997,258.9,68.0,65.7,50.4,74.8,2.1,2.1
Yevgeny Kafelnikov,1997,258.5,55.4,72.5,50.3,79.1,5.3,4.1
Jeff Tarango,1997,258.1,62.3,69.5,49.2,76.9,3.8,3.6
Leander Paes,1997,257.9,61.5,72.5,46.7,77.5,3.3,3.6
Slava Dosedel,1997,257.4,65.5,65.3,52.4,73.5,3.2,2.5
Pete Sampras,1996,295.7,59.8,83.0,53.1,90.8,12.0,3.0
Goran Ivanisevic,1996,292.2,54.9,85.5,51.8,89.2,15.3,4.5
Greg Rusedski,1996,287.3,60.2,80.7,51.6,85.9,11.8,2.9
Richard Krajicek,1996,283.2,57.9,82.6,47.8,85.0,13.5,3.6
Boris Becker,1996,281.7,56.1,82.0,50.3,86.3,12.0,5.0
Mark Philippoussis,1996,281.2,59.7,80.9,47.4,84.6,14.3,5.7
Todd Martin,1996,280.5,61.7,76.3,51.5,84.5,9.1,2.6
Jonathan Stark,1996,279.0,61.7,76.9,49.9,83.1,10.1,2.7
Marc Rosset,1996,277.2,58.0,80.7,48.2,84.5,10.3,4.5
Guy Forget,1996,274.9,57.6,76.3,51.5,82.5,9.5,2.5
Patrick Rafter,1996,274.7,58.1,76.1,53.0,84.7,6.2,3.4
Michael Stich,1996,274.1,55.2,80.2,48.8,83.1,11.7,4.9
Martin Damm,1996,273.2,57.0,77.4,50.3,82.3,9.2,3.0
Jim Courier,1996,272.3,61.7,73.4,52.4,82.2,5.8,3.2
Marc-Kevin Goellner,1996,270.4,53.3,77.6,51.4,81.7,10.1,3.7
Yevgeny Kafelnikov,1996,270.1,57.1,75.5,51.8,82.8,6.7,3.8
Javier Frana,1996,269.3,58.9,75.7,47.8,80.6,8.0,1.7
Kenneth Carlsen,1996,268.5,58.2,75.0,50.1,81.5,7.5,3.8
Albert Costa,1996,268.5,69.7,67.2,52.6,78.4,2.7,2.1
Cedric Pioline,1996,267.6,55.8,75.3,51.5,82.1,6.1,3.2
Andrei Olhovskiy,1996,267.1,56.3,77.0,47.9,82.5,8.6,5.2
Wayne Ferreira,1996,266.4,55.6,75.6,49.5,80.9,7.7,2.9
Thomas Muster,1996,266.3,58.6,71.3,54.0,81.4,3.3,2.3
Jan Siemerink,1996,266.3,56.3,75.2,50.9,82.5,6.5,5.1
Tim Henman,1996,265.5,57.4,73.9,50.4,80.5,7.0,3.7
Jakob Hlasek,1996,265.4,60.3,73.8,48.6,79.2,6.3,2.8
Alberto Berasategui,1996,265.3,74.9,64.0,51.7,75.1,1.7,2.1
Thomas Enqvist,1996,265.3,56.5,77.0,48.0,80.5,7.5,4.2
Richard Fromberg,1996,265.3,60.2,74.7,47.9,78.0,7.4,2.9
Magnus Larsson,1996,265.3,61.8,71.2,50.2,78.5,5.8,2.2
Michael Chang,1996,264.8,49.0,77.5,52.6,81.7,6.5,2.5
Vincent Spadea,1996,264.5,61.7,69.0,53.1,78.2,3.7,1.2
Mark Woodforde,1996,263.8,58.9,72.7,49.9,81.0,5.2,3.9
Nicolas Pereira,1996,263.6,61.0,73.4,47.6,79.0,5.4,2.8
Shuzo Matsuoka,1996,263.4,61.7,72.5,46.9,77.9,7.6,3.2
Guillaume Raoux,1996,263.3,52.3,75.3,52.3,80.1,6.2,2.9
Daniel Vacek,1996,263.1,57.0,75.8,48.4,79.5,7.4,5.0
Younes El Aynaoui,1996,262.7,61.7,70.5,49.3,78.5,5.8,3.1
MaliVai Washington,1996,262.6,58.5,72.1,50.6,79.6,5.5,3.7
Stefan Edberg,1996,262.4,59.0,71.7,51.5,80.4,3.8,4.0
Magnus Gustafsson,1996,262.3,63.1,69.7,50.2,79.5,3.4,3.6
Thomas Johansson,1996,262.3,54.3,74.3,51.5,79.4,5.9,3.1
Renzo Furlan,1996,261.6,61.7,70.4,50.3,76.7,4.2,1.7
Mikael Tillstrom,1996,260.7,61.8,69.3,50.5,77.2,4.4,2.5
Sandon Stolle,1996,260.5,58.7,75.9,45.2,78.7,6.5,4.5
Alex Corretja,1996,260.2,59.9,70.3,51.7,77.2,3.4,2.3
Paul Haarhuis,1996,260.2,62.7,68.7,50.9,75.7,4.1,1.9
Carlos Moya,1996,260.1,64.7,68.3,49.8,76.2,3.0,1.9
Andrei Medvedev,1996,259.7,60.3,71.0,48.5,77.8,5.6,3.5
Richey Reneberg,1996,259.7,55.3,71.6,52.4,77.7,5.2,2.5
Pete Sampras,1995,287.6,56.1,82.9,51.4,88.9,12.1,3.8
Goran Ivanisevic,1995,284.1,53.5,82.9,51.1,86.1,14.5,4.0
Richard Krajicek,1995,283.8,59.3,79.2,50.7,86.1,11.6,3.1
Andre Agassi,1995,283.5,64.3,74.2,55.6,87.4,4.0,2.0
Boris Becker,1995,281.8,57.2,82.0,47.5,87.8,12.6,5.3
Shuzo Matsuoka,1995,280.6,63.6,77.4,48.6,84.5,9.9,3.4
Magnus Larsson,1995,279.4,62.3,75.0,52.5,84.9,7.0,2.3
Mark Philippoussis,1995,279.4,58.7,79.2,48.5,86.0,11.8,4.8
Todd Martin,1995,279.1,60.4,76.7,51.5,84.1,9.5,3.1
Jim Courier,1995,278.6,61.9,75.0,53.4,85.7,5.3,2.7
Greg Rusedski,1995,277.6,55.9,81.6,48.9,85.4,11.6,5.8
Guy Forget,1995,277.5,60.0,77.1,50.5,83.3,9.5,2.9
Javier Frana,1995,277.5,59.7,73.6,54.6,84.5,6.6,1.5
David Wheaton,1995,275.7,66.2,72.7,50.6,81.4,7.4,2.6
Michael Stich,1995,275.3,56.7,77.3,51.8,85.0,8.0,3.5
Kenneth Carlsen,1995,273.5,56.8,76.3,51.1,84.3,8.8,3.8
Marc Rosset,1995,272.1,55.8,79.8,48.3,83.9,9.4,5.1
Daniel Vacek,1995,271.2,60.2,75.9,50.0,81.5,8.1,4.5
Michael Chang,1995,270.9,54.1,76.3,53.8,82.7,6.0,2.0
Jan Siemerink,1995,270.4,59.7,73.3,53.0,82.3,5.4,3.3
Jan Apell,1995,269.7,62.2,72.3,51.6,81.5,4.9,2.8
Nicolas Pereira,1995,268.9,62.8,73.7,47.5,80.8,7.0,2.9
Brett Steven,1995,268.7,66.3,69.6,52.6,78.9,3.9,2.6
Albert Costa,1995,267.0,73.0,64.6,52.5,77.0,1.9,2.0
Thomas Muster,1995,266.8,60.0,71.2,53.9,80.8,3.4,2.5
Jacco Eltingh,1995,266.6,60.9,74.7,47.5,80.6,8.1,5.2
Jonathan Stark,1995,266.3,59.9,75.3,45.9,79.9,9.1,3.8
MaliVai Washington,1995,265.1,59.8,72.7,50.0,79.2,5.9,2.5
Michael Tebbutt,1995,265.0,52.4,79.7,46.2,80.9,12.5,6.7
Thomas Enqvist,1995,264.8,55.0,76.1,50.0,80.8,7.0,4.1
Yevgeny Kafelnikov,1995,264.5,55.2,74.4,51.0,81.9,5.5,3.5
Marcelo Rios,1995,264.3,62.9,68.5,53.7,78.0,3.1,1.9
Patrick Rafter,1995,264.0,58.8,73.3,49.3,79.9,6.8,4.1
Marc-Kevin Goellner,1995,263.8,51.8,80.0,45.9,79.4,12.4,5.7
Karel Novacek,1995,263.3,58.4,71.9,50.0,77.6,7.4,2.0
Stefan Edberg,1995,262.9,60.6,72.6,50.6,79.6,3.2,3.7
Wayne Ferreira,1995,262.7,55.7,74.4,48.9,79.4,7.0,2.7
Martin Damm,1995,262.0,55.7,72.9,50.6,78.0,8.3,3.5
Jakob Hlasek,1995,261.8,59.4,73.7,47.5,78.4,6.4,3.6
Hernan Gumy,1995,261.4,63.6,69.0,52.2,76.9,2.7,3.0
Andrei Olhovskiy,1995,261.4,57.3,75.4,47.1,77.1,8.2,3.7
Gilbert Schaller,1995,261.4,74.6,62.5,51.7,71.9,1.7,1.0
Sergi Bruguera,1995,260.7,61.0,70.6,49.6,77.2,4.2,1.9
Alberto Berasategui,1995,259.6,74.3,63.1,50.3,72.6,1.7,2.4
Patrick McEnroe,1995,258.8,61.3,68.8,49.9,78.6,3.3,3.1
Richard Fromberg,1995,258.7,56.4,73.6,47.8,76.3,7.4,2.8
David Prinosil,1995,258.4,50.8,78.0,46.7,79.8,8.6,5.5
Byron Black,1995,258.0,60.9,69.5,50.1,76.9,3.7,3.1
Adrian Voinea,1995,257.7,59.4,69.6,51.4,74.6,5.7,3.0
Paul Haarhuis,1995,257.5,60.2,68.6,50.4,76.3,4.6,2.6
Pete Sampras,1994,288.1,59.0,81.0,52.7,88.4,10.3,3.3
Goran Ivanisevic,1994,284.5,56.5,82.6,49.4,86.5,13.8,4.3
Magnus Larsson,1994,283.9,65.7,74.5,53.4,85.3,7.1,2.1
Richard Krajicek,1994,281.0,55.7,81.0,49.5,87.1,11.7,4.0
Boris Becker,1994,279.2,57.0,79.8,50.2,86.5,10.6,4.9
Jacco Eltingh,1994,279.1,63.8,76.4,49.3,84.2,9.2,3.8
Todd Martin,1994,278.9,60.2,75.4,52.4,83.5,10.1,2.7
Michael Stich,1994,277.8,57.6,79.1,50.7,85.9,8.3,3.8
Guy Forget,1994,275.1,61.4,74.9,49.7,81.5,9.7,2.1
Jonathan Stark,1994,275.0,60.1,75.5,51.3,83.1,8.3,3.3
Kenneth Carlsen,1994,274.3,59.2,74.9,51.9,83.4,7.6,2.7
Andre Agassi,1994,274.1,65.2,70.8,54.0,83.0,3.1,2.0
Greg Rusedski,1994,273.7,56.4,78.6,50.6,84.2,9.2,5.3
Jim Courier,1994,273.6,61.9,74.5,52.5,83.0,4.1,2.4
Patrick Rafter,1994,272.8,59.3,75.7,50.1,83.5,8.2,4.0
David Wheaton,1994,272.1,59.9,74.9,49.1,82.2,10.0,4.0
Chuck Adams,1994,271.7,64.8,72.3,49.8,81.3,5.5,2.0
Marc Rosset,1994,271.5,57.3,79.1,47.3,82.9,10.0,5.1
Daniel Vacek,1994,270.2,60.6,75.7,50.0,82.1,7.2,5.4
Marc-Kevin Goellner,1994,270.0,50.1,79.2,50.8,83.1,11.5,4.7
Ivan Lendl,1994,269.8,54.4,76.4,52.1,82.0,7.2,2.3
Jan Siemerink,1994,268.9,59.7,76.0,49.3,81.9,6.1,4.1
Wayne Ferreira,1994,268.6,56.5,74.4,51.4,81.3,7.4,2.4
Michael Chang,1994,268.3,57.1,72.3,54.7,81.6,4.4,1.8
Stefan Edberg,1994,267.1,61.6,71.9,52.1,82.4,2.9,3.8
Jim Grabb,1994,266.8,68.2,70.1,47.1,78.7,5.4,2.7
MaliVai Washington,1994,266.5,60.8,70.7,52.8,79.2,5.9,2.9
Karel Novacek,1994,266.4,58.7,75.0,47.7,79.4,8.0,2.4
Jared Palmer,1994,266.1,61.6,69.2,53.7,80.4,4.0,2.8
Jamie Morgan,1994,265.0,57.3,74.3,49.1,79.0,9.5,4.2
Sergi Bruguera,1994,264.6,60.4,71.1,51.6,79.2,3.9,1.6
Richard Fromberg,1994,264.6,58.9,74.3,47.7,79.6,8.7,4.6
Thomas Muster,1994,264.0,58.8,71.2,53.3,80.1,4.0,3.4
Joern Renzenbrink,1994,263.1,61.3,74.7,44.7,79.3,9.2,6.1
Martin Damm,1994,262.5,55.0,74.4,49.8,78.6,8.7,4.0
Jan Apell,1994,262.4,59.9,71.3,49.8,79.0,5.3,2.9
Luiz Mattar,1994,261.9,59.5,69.6,52.3,77.4,4.8,1.7
Andrei Olhovskiy,1994,261.9,55.6,75.7,47.5,78.9,9.2,5.0
Andrei Medvedev,1994,261.8,65.1,67.8,51.1,76.7,2.9,1.8
Bryan Shelton,1994,261.8,56.9,75.9,47.3,79.7,8.7,6.7
Jason Stoltenberg,1994,261.2,58.8,73.1,48.4,79.3,4.7,3.1
Alberto Berasategui,1994,260.5,72.2,63.8,50.7,74.4,1.6,2.2
Arnaud Boetsch,1994,259.0,56.8,71.9,50.6,78.3,4.0,2.6
Marcelo Filippini,1994,258.8,66.5,66.2,51.0,75.2,1.8,1.9
Yevgeny Kafelnikov,1994,258.7,58.9,69.9,51.6,77.5,3.8,3.0
Jakob Hlasek,1994,258.6,58.6,72.2,49.2,77.8,5.0,4.2
Paul Haarhuis,1994,258.6,59.9,70.1,49.5,76.7,4.4,2.0
Aaron Krickstein,1994,258.6,59.1,68.8,51.5,77.2,4.3,2.3
Alex O'Brien,1994,258.0,60.8,70.4,48.7,76.4,4.2,2.5
Jeff Tarango,1994,257.5,62.6,67.8,50.9,74.8,3.7,2.3
Pete Sampras,1993,288.9,57.7,82.2,52.5,89.6,10.5,3.6
Richard Krajicek,1993,282.9,60.1,80.5,49.3,87.0,10.6,4.6
Javier Frana,1993,281.2,64.2,72.8,56.7,83.7,5.2,1.4
Goran Ivanisevic,1993,280.6,52.4,82.1,52.7,86.4,11.0,4.0
Jim Courier,1993,279.6,61.0,75.2,54.6,86.7,4.8,2.7
Marc Rosset,1993,279.3,58.7,78.6,49.6,86.0,9.9,3.5
Michael Stich,1993,275.8,54.4,79.4,51.9,85.7,9.4,5.0
Todd Martin,1993,275.3,62.9,73.3,50.6,83.0,7.7,2.2
Boris Becker,1993,274.8,55.9,78.8,50.1,85.7,9.4,5.1
Jonathan Stark,1993,273.6,59.8,76.4,50.4,82.9,8.1,4.0
Thomas Muster,1993,273.0,62.4,70.2,56.7,83.5,2.7,2.5
Wally Masur,1993,272.0,65.9,70.5,52.4,80.7,4.5,2.0
Andre Agassi,1993,271.3,62.2,72.8,51.5,82.8,4.1,2.1
Jamie Morgan,1993,271.1,56.8,78.0,49.1,81.5,10.1,4.4
Cedric Pioline,1993,269.6,59.9,73.8,50.9,82.2,5.9,3.1
Magnus Larsson,1993,269.2,63.8,71.2,50.0,79.5,7.0,2.3
Richard Fromberg,1993,268.7,58.5,75.1,49.2,81.1,8.7,3.9
Daniel Vacek,1993,268.6,60.5,72.1,53.5,79.9,6.9,4.3
Marc-Kevin Goellner,1993,268.0,54.1,78.0,48.6,81.1,11.0,4.8
Stephane Simian,1993,267.9,64.4,71.9,49.3,79.8,5.5,3.0
Chuck Adams,1993,267.5,65.7,67.7,53.7,78.1,4.1,1.8
Jan Siemerink,1993,267.3,56.9,75.8,50.7,81.4,6.5,4.0
Kenneth Carlsen,1993,266.7,55.4,76.9,49.8,80.7,6.9,3.0
Karel Novacek,1993,266.5,55.6,75.1,51.3,80.3,6.4,2.2
Amos Mansdorf,1993,266.0,55.5,72.1,54.8,81.8,4.1,2.3
Jacco Eltingh,1993,265.4,63.2,72.7,48.1,78.8,5.9,3.3
Michael Chang,1993,265.1,58.9,69.0,55.4,80.7,3.1,2.0
MaliVai Washington,1993,265.1,57.2,73.4,52.0,80.8,5.0,3.3
Arnaud Boetsch,1993,264.5,58.8,72.9,50.9,80.6,4.6,3.3
Ivan Lendl,1993,264.5,57.2,75.0,49.2,79.2,6.3,2.4
Bryan Shelton,1993,263.8,57.3,73.5,49.8,79.2,9.0,5.0
Wayne Ferreira,1993,263.4,57.3,73.4,50.3,78.4,6.8,2.8
Alex Antonitsch,1993,263.1,55.7,73.5,49.7,81.3,6.1,3.2
Sergi Bruguera,1993,262.4,57.2,70.2,54.0,79.1,3.4,1.5
Carlos Costa,1993,262.2,55.4,72.8,51.9,79.4,5.0,2.3
Magnus Gustafsson,1993,262.2,70.1,66.3,50.1,76.3,1.7,2.3
Andrei Medvedev,1993,262.1,55.5,74.7,49.6,79.3,6.6,3.6
Stefan Edberg,1993,261.9,60.5,72.8,49.5,80.8,2.8,4.5
Paul Haarhuis,1993,260.7,59.5,69.3,52.3,77.8,3.9,2.1
Jonas Svensson,1993,260.5,63.2,69.5,49.6,77.6,2.8,2.2
Jakob Hlasek,1993,260.4,58.6,74.8,47.2,78.5,5.3,4.0
Alexander Volkov,1993,260.1,52.9,72.2,52.7,79.5,5.6,2.8
Alberto Berasategui,1993,259.6,72.6,63.7,50.5,73.7,1.1,2.0
Andrei Olhovskiy,1993,259.3,58.0,74.6,47.1,76.3,6.6,3.3
Younes El Aynaoui,1993,258.6,55.2,74.9,47.1,79.8,6.0,4.4
Emilio Sanchez,1993,258.3,64.1,66.8,51.3,75.0,2.8,1.7
Brett Steven,1993,258.3,64.4,69.1,47.8,76.6,3.8,3.4
Mark Woodforde,1993,257.9,57.4,71.4,49.5,78.3,4.6,3.3
Nicklas Kulti,1993,257.6,55.8,71.6,50.6,77.9,4.8,3.1
Horacio de la Pena,1993,257.5,70.8,62.6,51.7,72.1,1.4,1.1
Goran Ivanisevic,1992,292.6,57.1,84.0,53.0,88.8,13.3,3.6
Richard Krajicek,1992,284.0,58.3,79.5,52.0,86.8,10.8,3.4
Pete Sampras,1992,283.0,60.3,79.2,51.4,85.5,9.6,3.0
Michael Stich,1992,281.9,59.0,77.1,55.7,86.0,7.4,3.3
Guy Forget,1992,281.2,58.3,80.0,50.3,85.3,9.6,2.3
Jim Courier,1992,280.8,60.8,76.3,53.9,86.8,5.5,2.5
Bryan Shelton,1992,279.3,58.8,77.6,52.5,85.0,10.4,5.0
Boris Becker,1992,278.3,59.2,78.2,50.4,85.0,9.6,4.1
Wally Masur,1992,277.4,65.4,71.8,53.8,83.0,5.7,2.3
Magnus Larsson,1992,275.7,67.0,71.9,50.7,81.7,5.6,1.2
Stefan Edberg,1992,274.8,63.6,73.9,52.3,85.0,3.5,3.5
Shuzo Matsuoka,1992,274.8,60.4,73.8,53.5,82.7,7.0,2.6
Jim Grabb,1992,274.2,65.4,75.7,47.4,82.2,6.7,3.2
Markus Zoecke,1992,273.9,66.3,72.4,49.4,81.2,7.3,2.7
Ivan Lendl,1992,271.8,56.5,76.1,52.4,82.9,6.7,2.8
Marc Rosset,1992,271.8,57.3,77.5,49.6,82.5,8.7,3.8
Jacco Eltingh,1992,269.5,62.8,71.0,50.7,80.8,6.8,2.6
Todd Martin,1992,269.1,63.5,70.5,52.4,79.0,5.9,2.2
Jonathan Stark,1992,269.1,57.8,74.6,50.6,81.6,7.7,3.2
Emilio Sanchez,1992,267.2,63.9,69.7,51.6,78.3,5.0,1.3
Andre Agassi,1992,267.1,63.5,69.1,53.8,79.8,3.1,2.2
Arnaud Boetsch,1992,266.8,58.9,73.2,51.6,81.1,4.9,2.9
John McEnroe,1992,266.5,58.7,75.9,49.1,81.6,5.1,3.9
Michiel Schapers,1992,266.4,67.8,69.2,49.7,78.8,3.7,2.8
MaliVai Washington,1992,265.7,58.7,71.7,52.4,81.1,4.8,3.0
Luiz Mattar,1992,263.5,55.9,72.1,52.1,78.8,6.5,1.9
Thomas Muster,1992,263.0,67.3,65.6,53.3,76.5,2.0,1.7
Wayne Ferreira,1992,262.8,55.7,74.1,50.1,79.4,6.7,3.2
Andrei Medvedev,1992,262.7,53.6,73.6,52.9,80.4,5.1,2.9
Michael Chang,1992,261.7,63.3,67.7,52.0,78.0,2.3,1.6
Amos Mansdorf,1992,261.4,58.3,70.0,52.9,78.3,4.0,2.1
Andrei Cherkasov,1992,260.9,61.6,68.5,52.3,76.5,3.4,1.4
Paul Haarhuis,1992,260.5,60.4,69.7,50.5,77.6,4.1,1.8
Sergi Bruguera,1992,260.4,57.5,69.5,53.9,78.3,2.6,1.4
Brad Gilbert,1992,260.4,57.6,72.6,49.0,78.8,5.7,3.3
Henrik Holm,1992,260.2,51.0,80.3,46.2,81.2,8.5,7.0
David Wheaton,1992,259.6,56.0,75.0,47.4,79.2,7.8,5.8
Andrei Olhovskiy,1992,259.5,55.1,74.5,49.6,78.8,5.6,4.1
Carl-Uwe Steeb,1992,259.4,59.3,67.4,53.4,78.0,3.2,1.9
Cedric Pioline,1992,258.9,57.0,74.2,46.8,79.2,5.6,3.9
Jakob Hlasek,1992,258.7,58.2,73.1,48.1,77.2,5.6,3.5
Alberto Mancini,1992,258.7,63.5,66.7,53.3,74.5,2.7,2.0
Jan Siemerink,1992,258.7,54.3,73.1,50.2,79.1,6.4,4.4
Derrick Rostagno,1992,258.6,59.5,71.6,47.6,77.5,6.1,3.7
Chris Pridham,1992,258.5,59.8,70.3,49.4,79.6,2.9,3.5
Aaron Krickstein,1992,257.2,56.5,69.8,52.5,76.7,3.7,2.0
Magnus Gustafsson,1992,257.0,68.0,67.5,47.8,74.7,1.8,2.8
Javier Sanchez,1992,256.8,64.2,67.1,50.0,75.1,2.5,2.1
Karel Novacek,1992,256.7,55.6,71.6,49.4,77.4,4.7,2.0
Patrik Kuhnen,1992,256.6,56.5,74.2,45.0,77.5,8.0,4.6
